AUDITED_DECL InfiniteRamsey.exists_infinite_homogeneous_subset._proof_1_6
AUDITED_DECL AlternatingAnalytic.exists_denseMultilinearFamilyExtension_of_bound
AUDITED_DECL PolarizationCounterexamples.exists_pw_not_pol
AUDITED_DECL AlternatingAnalytic.constantLaurentArray.congr_simp
AUDITED_DECL Round24Transfer.jAmb_apply_apply
AUDITED_DECL AlternatingAnalytic.baseChangeFactors_prod_norm
AUDITED_DECL AlternatingAnalytic.laurentLiftSeminormedAddCommGroup._proof_8
AUDITED_DECL Round24Transfer.Γ._proof_9
AUDITED_DECL AlternatingAnalytic.denseScalarLiftTransport_apply
AUDITED_DECL AlternatingAnalytic.denseScalarMultilinearEquiv_apply
AUDITED_DECL AlternatingAnalytic.cpolynomialAt_of_orthogonalSchauderBasis
AUDITED_DECL AlternatingAnalytic.continuousLinearMapCongrIsometry_apply
AUDITED_DECL AlternatingAnalytic.sortedSchauderRetraction._proof_2
AUDITED_DECL AlternatingAnalytic.laurentDeterminantForm._proof_3
AUDITED_DECL AlternatingAnalytic.baseChangeAlternatingForms._proof_10
AUDITED_DECL AlternatingAnalytic.denseLinearExtension_apply
AUDITED_DECL AlternatingAnalytic.projectiveExteriorArray_injective
AUDITED_DECL AlternatingAnalytic.finiteLaurentTruncation_coeff_within._proof_1_1
AUDITED_DECL AlternatingAnalytic.projectiveExteriorCompletion_properties
AUDITED_DECL R24.no_symmetric_diagonal_lift
AUDITED_DECL AlternatingAnalytic.laurentLiftFixedVectors._proof_3
AUDITED_DECL AlternatingAnalytic.boundedLaurent_completeSpace
AUDITED_DECL AlternatingAnalytic.sequenceMultiplier_apply
AUDITED_DECL AlternatingAnalytic.laurentResidueLift
AUDITED_DECL R24.coeffOf.eq_1
AUDITED_DECL Round24Transfer.Γ._proof_21
AUDITED_DECL AltFree.hat_eq_zero_of_mem_relSub._abel_1_3
AUDITED_DECL AlternatingAnalytic.cluster_family_cancellation
AUDITED_DECL AlternatingAnalytic.ratFuncToLaurentField._proof_1
AUDITED_DECL R24.factorial_mul_coeff_eq_one._simp_1_3
AUDITED_DECL _private.AlternatingAnalytic.Analysis.LaurentResidueLift.0.AlternatingAnalytic._aux_AlternatingAnalytic_Analysis_LaurentResidueLift___macroRules__private_AlternatingAnalytic_Analysis_LaurentResidueLift_0_AlternatingAnalytic_termA_1
AUDITED_DECL AlternatingAnalytic.laurent_not_hasBoundedLift
AUDITED_DECL AlternatingAnalytic.StaircaseClusters.blockRank.eq_1
AUDITED_DECL AlternatingAnalytic.HasEquivalentUltrametricNorm
AUDITED_DECL AlternatingAnalytic.StaircaseClusters.block_coordinates_injective._proof_1_2
AUDITED_DECL AlternatingAnalytic.denseLinearExtension._proof_5
AUDITED_DECL AlternatingAnalytic.baseChangeAlternatingForms._proof_8
AUDITED_DECL AlternatingAnalytic.StaircaseClusters.blockRank_right_lt_left_iff._simp_1_2
AUDITED_DECL AlternatingAnalytic.sequenceMultiplier._proof_1
AUDITED_DECL AlternatingAnalytic.algebraicLaurentCoefficient._proof_4
AUDITED_DECL AlternatingAnalytic.boundedSequenceMultiplier_constant
AUDITED_DECL AlternatingAnalytic.LaurentField.instField._proof_54
AUDITED_DECL AlternatingAnalytic.baseChangeAlternatingForms._proof_1
AUDITED_DECL AlternatingAnalytic.hasEmptyDescendingBallSequence_iff
AUDITED_DECL instSphericallyCompleteSpaceOfIsUltrametricDistOfProperSpace
AUDITED_DECL MultilinearMap.sumOfType_eq_zero_of_sum_ne
AUDITED_DECL AlternatingAnalytic.denseScalarLiftTransport._proof_2
AUDITED_DECL AlternatingAnalytic.StaircaseClusters.blockRank_injective._proof_1_4
AUDITED_DECL AlternatingAnalytic.boundedLaurentCoeff_finiteLaurentTruncation
AUDITED_DECL Round24Transfer.Q
AUDITED_DECL Round24Transfer.Rmap_apply
AUDITED_DECL AlternatingAnalytic.baseChangeAlternatingForms._proof_7
AUDITED_DECL AlternatingAnalytic.completedExteriorArray_wedge
AUDITED_DECL AlternatingAnalytic.sortedSchauderLift_basis
AUDITED_DECL AlternatingAnalytic.sortedAlternatingMap._proof_2
AUDITED_DECL AlternatingAnalytic.ProjectiveExterior.instModule._proof_3
AUDITED_DECL AlternatingAnalytic.assignedClusterCoefficient_update_eq
AUDITED_DECL AlternatingAnalytic.polynomialToLaurentField
AUDITED_DECL AlternatingAnalytic.scalarExtensionAlternating._proof_1
AUDITED_DECL VectorPolynomial.scalarPolynomial
AUDITED_DECL AlternatingAnalytic.roundedSeminorm_ultrametric
AUDITED_DECL AlternatingAnalytic.denseLinearExtension._proof_10
AUDITED_DECL Round24Transfer.Smap._proof_12
AUDITED_DECL AlternatingAnalytic.completedBaseChangeNormedAddCommGroup._aux_3
AUDITED_DECL AlternatingAnalytic.LaurentField.instField._proof_64
AUDITED_DECL AlternatingAnalytic.algebraicLaurentCoefficientArray._proof_1
AUDITED_DECL AlternatingAnalytic.norm_multilinearFamilyToProduct_le
AUDITED_DECL Round24Transfer.Smap._proof_15
AUDITED_DECL AlternatingAnalytic.laurentRankOne._proof_3
AUDITED_DECL AlternatingAnalytic.denseScalarLinearEquiv._proof_8
AUDITED_DECL AlternatingAnalytic.tendsto_fin_product_cofinite_zero._simp_1_1
AUDITED_DECL OrderPattern.sameOrderPattern
AUDITED_DECL AlternatingAnalytic.finiteField_homogeneous_eq_zero_sameUniverse._proof_1_1
AUDITED_DECL AlternatingAnalytic.completedBaseChangeNormedSpaceRestrictScalars._aux_1
AUDITED_DECL AlternatingAnalytic.laurentResiduePost._proof_3
AUDITED_DECL Round24Transfer.tfae_Q.match_1_1
AUDITED_DECL AlternatingAnalytic.contractingRetractionLift._proof_1
AUDITED_DECL AlternatingAnalytic.completionScalarLinearEquiv
AUDITED_DECL AlternatingAnalytic.DiscreteRenormedTarget.instModule._proof_3
AUDITED_DECL AlternatingAnalytic.exteriorSupportDim_add_le
AUDITED_DECL AlternatingAnalytic.laurentRankOne._proof_1
AUDITED_DECL AlternatingAnalytic.algebraicLaurentCoefficient_constant_wedge
AUDITED_DECL Round24Transfer.Γ._proof_13
AUDITED_DECL sphericallyCompleteSpace_continuousAlternatingMap._simp_2
AUDITED_DECL Round24Transfer.φ._proof_12
AUDITED_DECL AlternatingAnalytic.normalizedMultiplierLift._proof_3
AUDITED_DECL AlternatingAnalytic.laurentResidueLift._proof_4
AUDITED_DECL _private.AlternatingAnalytic.Analysis.LaurentResiduePolarization.0.AlternatingAnalytic._aux_AlternatingAnalytic_Analysis_LaurentResiduePolarization___macroRules__private_AlternatingAnalytic_Analysis_LaurentResiduePolarization_0_AlternatingAnalytic_termB_1
AUDITED_DECL AlternatingAnalytic.exteriorContraction_mem_support._simp_1_2
AUDITED_DECL _private.AlternatingAnalytic.Analysis.LaurentResiduePolarization.0.AlternatingAnalytic._aux_AlternatingAnalytic_Analysis_LaurentResiduePolarization___macroRules__private_AlternatingAnalytic_Analysis_LaurentResiduePolarization_0_AlternatingAnalytic_termE_1
AUDITED_DECL AlternatingAnalytic.completedLaurentCoefficientArray._proof_5
AUDITED_DECL AlternatingAnalytic.laurent_analytic_without_equivalentUltrametricNorm
AUDITED_DECL AlternatingAnalytic.cluster_multiplier_det_eq
AUDITED_DECL AlternatingAnalytic.completedBaseChangeNormedAddCommGroup._proof_12
AUDITED_DECL AlternatingAnalytic.baseChangeLiftTerms
AUDITED_DECL AlternatingAnalytic.exists_completedLaurentCoefficient
AUDITED_DECL AlternatingAnalytic.BoundedPrecompositionLiftCandidate._proof_1
AUDITED_DECL AlternatingAnalytic.boundedExteriorArray.congr_simp
AUDITED_DECL AlternatingAnalytic.exteriorDecompositionValue.eq_1
AUDITED_DECL AlternatingAnalytic.denseMultilinearExtensionFinite._proof_1
AUDITED_DECL AlternatingAnalytic.laurent_isUltrametricDist
AUDITED_DECL AlternatingAnalytic.scalarExtensionTensorMapL._proof_2
AUDITED_DECL AlternatingAnalytic.HasLinearUnitSumGrowth.not_hasEquivalentUltrametricNorm
AUDITED_DECL Round24Transfer.ambLift
AUDITED_DECL AlternatingAnalytic.finiteField_homogeneous_extension_eq_zero
AUDITED_DECL AlternatingAnalytic.baseChangeSeminormL
AUDITED_DECL AlternatingAnalytic.sortedSchauderLift_diag
AUDITED_DECL AlternatingAnalytic.continuousLinearMapCongrIsometry._proof_5
AUDITED_DECL AlternatingAnalytic.laurentBlockWedge
AUDITED_DECL AlternatingAnalytic.laurentResidueLift_support_le
AUDITED_DECL AlternatingAnalytic.exists_denseCoefficientExtension
AUDITED_DECL AlternatingAnalytic.baseChangeLiftRestriction._proof_6
AUDITED_DECL AlternatingAnalytic.discreteRound_mono
AUDITED_DECL AlternatingAnalytic.scalarContractionContinuous
AUDITED_DECL AlternatingAnalytic.sortedSchauderRetraction_span_apply
AUDITED_DECL AlternatingAnalytic.assignmentPosition_update_pattern
AUDITED_DECL Round24Transfer.reindexCLM_apply
AUDITED_DECL Polarization.sum_selectionType
AUDITED_DECL AlternatingAnalytic.LaurentField.instField._proof_55
AUDITED_DECL AlternatingAnalytic.completedBaseChangeNormedAddCommGroup._aux_16
AUDITED_DECL AlternatingAnalytic.sortedSchauderRetraction_retract
AUDITED_DECL AlternatingAnalytic.baseChangeOperatorsLinear._proof_6
AUDITED_DECL Polarization.sum_full_range_eq_sum_perm._simp_1_2
AUDITED_DECL AlternatingAnalytic.sum_clusterValue_perm_eq_one_of_separated
AUDITED_DECL Round24Transfer.Smap_apply
AUDITED_DECL PolarizationCounterexamples.ZeroMultiplierPol1
AUDITED_DECL AlternatingAnalytic.baseChangeNorm._proof_1
AUDITED_DECL AlternatingAnalytic.ProjectiveExterior.instNormedSpace._proof_4
AUDITED_DECL AlternatingAnalytic.completedScalarContraction
AUDITED_DECL AlternatingAnalytic.exteriorContraction_eval
AUDITED_DECL AlternatingAnalytic.cluster_separated_of_intervals
AUDITED_DECL AltFree.hat_sng
AUDITED_DECL AlternatingAnalytic.boundedExteriorArray._proof_2
AUDITED_DECL AlternatingAnalytic.completedBaseChangeNormedAddCommGroup._proof_48
AUDITED_DECL AlternatingAnalytic.denseMultilinearExtension_apply
AUDITED_DECL AlternatingAnalytic.clusterInput.eq_1
AUDITED_DECL VectorPolynomial.eval_eq_sum
AUDITED_DECL PolarizationCounterexamples.pattern_types_ne._proof_1_1
AUDITED_DECL AlternatingAnalytic.evaluateBoundedPrecompositionLift._proof_3
AUDITED_DECL AlternatingAnalytic.denseScalarQTargetEquiv._proof_5
AUDITED_DECL AlternatingAnalytic.denseScalarQTargetEquiv._proof_1
AUDITED_DECL AltFree.toFin
AUDITED_DECL AlternatingAnalytic.completedBaseChangeNormedSpace._proof_5
AUDITED_DECL AltFree.instAddCommGroup._proof_11
AUDITED_DECL AlternatingAnalytic.baseChangeNormedAddCommGroup
AUDITED_DECL Round24Transfer.Γ._proof_14
AUDITED_DECL AlternatingAnalytic.mem_sortedFiniteSubsets
AUDITED_DECL AlternatingAnalytic.exteriorDecompositionCost_nonneg
AUDITED_DECL Round24Transfer.not_analyticAt_of_not_analyticAt
AUDITED_DECL AlternatingAnalytic.exteriorEvaluationArray_map
AUDITED_DECL Polarization.selectionMultiIndex_eq_iff
AUDITED_DECL AlternatingAnalytic.roundedSeminorm_le_mul
AUDITED_DECL AlternatingAnalytic.DiscreteRenormedTarget.instAddCommGroup._proof_20
AUDITED_DECL AlternatingAnalytic.exists_isometric_laurentField_embedding
AUDITED_DECL AlternatingAnalytic.baseChangeLiftTerms_cost
AUDITED_DECL AlternatingAnalytic.laurentLiftSeminormedAddCommGroup._proof_2
AUDITED_DECL ContinuousMultilinearMap.alternatizationCLM._proof_4
AUDITED_DECL AlternatingAnalytic.baseChangeSeminorm_eq_iInf
AUDITED_DECL Round24Transfer.polySeries._proof_2
AUDITED_DECL AlternatingAnalytic.algebraicLaurentCoefficient.congr_simp
AUDITED_DECL AlternatingAnalytic.denseMultilinearFamilyExtension_apply
AUDITED_DECL AlternatingAnalytic.baseChangeAlternatingForms._proof_5
AUDITED_DECL R24.expand
AUDITED_DECL AlternatingAnalytic.completedLaurentCoefficientArray._proof_3
AUDITED_DECL AlternatingAnalytic.evaluateBoundedPrecompositionLift._proof_4
AUDITED_DECL AlternatingAnalytic.sum_clusterValue_perm_eq_one
AUDITED_DECL AlternatingAnalytic.baseChangeLiftRestriction._proof_12
AUDITED_DECL AlternatingAnalytic.StaircaseClusters.blockRank_bounds
AUDITED_DECL AlternatingAnalytic.completedBaseChangeNormedSpace._proof_4
AUDITED_DECL ContinuousAlternatingMap.contDiff_compContinuousLinearMapCLM_of_sphericallyComplete
AUDITED_DECL AlternatingAnalytic.laurentRankOne._proof_2
AUDITED_DECL AlternatingAnalytic.finiteLaurentWedgeCoefficient
AUDITED_DECL AlternatingAnalytic.baseChangeTensorEquiv_tmul
AUDITED_DECL AlternatingAnalytic.boundedFunctionCoordinates._proof_2
AUDITED_DECL AlternatingAnalytic.denseScalarQTargetEquiv._proof_8
AUDITED_DECL PolarizationCounterexamples.finiteScalarCounterexample_diagonal
AUDITED_DECL AlternatingAnalytic.LaurentField.instField._proof_10
AUDITED_DECL AlternatingAnalytic.multilinearProductToFamily_apply
AUDITED_DECL AlternatingAnalytic.ProjectiveExterior.instModule
AUDITED_DECL ContinuousMultilinearMap.alternatizationCLM_apply
AUDITED_DECL AlternatingAnalytic.sortedSchauderLiftNorm._proof_1
AUDITED_DECL AlternatingAnalytic.baseChangeFactorsNormedSpace
AUDITED_DECL AlternatingAnalytic.dense_span_completedBaseChangeEmbedding
AUDITED_DECL AlternatingAnalytic.tensorModeSupport_def
AUDITED_DECL AlternatingAnalytic.determinantArray_ιMulti
AUDITED_DECL AlternatingAnalytic.LaurentField.instField._proof_7
AUDITED_DECL AlternatingAnalytic.DiscreteRenormedTarget.instAddCommGroup._proof_22
AUDITED_DECL AlternatingAnalytic.normalizedMultiplierLift_alternating
AUDITED_DECL PolarizationCounterexamples.factorialCounterexample
AUDITED_DECL AlternatingAnalytic.sortedAlternatingMap_retract
AUDITED_DECL AlternatingAnalytic.scalarContraction._proof_2
AUDITED_DECL AlternatingAnalytic.continuousLinearMapCongrIsometry._proof_2
AUDITED_DECL AlternatingAnalytic.exteriorSupportDim_le_finrank
AUDITED_DECL AlternatingAnalytic.algebraicLaurentCoefficientArray.congr_simp
AUDITED_DECL AlternatingAnalytic.baseChangeLiftRestriction._proof_29
AUDITED_DECL AlternatingAnalytic.scalarExtensionLinearFamily._proof_5
AUDITED_DECL AlternatingAnalytic.StaircaseClusters.block_coordinates_injective
AUDITED_DECL AltFree.instAddCommGroup._aux_14
AUDITED_DECL AlternatingAnalytic.liftSpaceNorm
AUDITED_DECL AlternatingAnalytic.baseChangeFormRestriction
AUDITED_DECL AlternatingAnalytic.finiteLaurentWedgeCoefficient_represents
AUDITED_DECL AlternatingAnalytic.sortedSchauderRetraction
AUDITED_DECL AlternatingAnalytic.normalizedMultiplierLift_antisymmetric
AUDITED_DECL AlternatingAnalytic.exteriorSupportDim_coordinate_blocks
AUDITED_DECL AlternatingAnalytic.projectiveExteriorAddGroupNorm._proof_1
AUDITED_DECL Polarization.sum_full_range_eq_sum_perm
AUDITED_DECL AlternatingAnalytic.hasBoundedLift_of_completedBaseChange
AUDITED_DECL AlternatingAnalytic.exteriorContractionSpan_finrank_le
AUDITED_DECL AlternatingAnalytic.baseChangeTensorEquiv_symm_tprod
AUDITED_DECL AlternatingAnalytic.exists_infinite_clusterCoefficient_homogeneous
AUDITED_DECL _private.AlternatingAnalytic.Analysis.LaurentResidueLift.0.AlternatingAnalytic._aux_AlternatingAnalytic_Analysis_LaurentResidueLift___macroRules__private_AlternatingAnalytic_Analysis_LaurentResidueLift_0_AlternatingAnalytic_termE_1
AUDITED_DECL AlternatingAnalytic.add_one_le_geometricWeightMaximum_mul_zpow
AUDITED_DECL Round24Transfer.ambLift._proof_2
AUDITED_DECL AlternatingAnalytic.completedScalarContraction._proof_4
AUDITED_DECL AlternatingAnalytic.DiscreteRenormedTarget.instModule._proof_6
AUDITED_DECL Round24Transfer.Γ._proof_20
AUDITED_DECL AlternatingAnalytic.finiteLaurentTruncation
AUDITED_DECL Round24Transfer.hasBoundedLift_of_equiv
AUDITED_DECL Round24Transfer.φ._proof_4
AUDITED_DECL AlternatingAnalytic.baseChangeAlternatingForms._proof_2
AUDITED_DECL AlternatingAnalytic.nontriviallyNormedFieldOfDiscreteValueGroup._proof_1
AUDITED_DECL Round24Transfer.polySeries
AUDITED_DECL AlternatingAnalytic.tensorContraction
AUDITED_DECL AlternatingAnalytic.norm_scalarExtensionTensorMap_le
AUDITED_DECL AlternatingAnalytic.LaurentField.norm_algebraMap
AUDITED_DECL SphericallyCompleteSpace.mk
AUDITED_DECL Round24Transfer.tfae_Q.match_1_3
AUDITED_DECL AlternatingAnalytic.StaircaseClusters.adjacent_swap_order_cases._proof_1_3
AUDITED_DECL ContinuousAlternatingMap.altProj
AUDITED_DECL AlternatingAnalytic.tensorModeSupport
AUDITED_DECL AlternatingAnalytic.denseAlternatingExtension_apply
AUDITED_DECL Round24Transfer.φ._proof_6
AUDITED_DECL AlternatingAnalytic.LaurentField.instField._proof_25
AUDITED_DECL AlternatingAnalytic.hasSum_sortedSchauderLift
AUDITED_DECL AlternatingAnalytic.exteriorDecompositionValue._proof_2
AUDITED_DECL AlternatingAnalytic.baseChangeFormRestriction._proof_17
AUDITED_DECL AlternatingAnalytic.discreteRound_zero
AUDITED_DECL AlternatingAnalytic.completedBaseChangeNormedSpaceRestrictScalars._proof_3
AUDITED_DECL AlternatingAnalytic.LaurentField.instField._aux_15
AUDITED_DECL AlternatingAnalytic.completedExteriorArray
AUDITED_DECL Round24Transfer.HasBoundedLift._proof_3
AUDITED_DECL AlternatingAnalytic.laurentLiftSeminormedAddCommGroup._proof_6
AUDITED_DECL AlternatingAnalytic.exteriorEvaluationArray._proof_1
AUDITED_DECL _private.AlternatingAnalytic.Analysis.LaurentResidueLift.0.AlternatingAnalytic.termB
AUDITED_DECL AlternatingAnalytic.cluster_weights_mul_zero
AUDITED_DECL AlternatingAnalytic.laurentBlockWedge._proof_3
AUDITED_DECL AlternatingAnalytic.finiteLaurentWedgeCoefficient_support_le
AUDITED_DECL AlternatingAnalytic.laurentFieldNormedAlgebra
AUDITED_DECL ContinuousAlternatingMap.exists_retraction_toContinuousMultilinearMap
AUDITED_DECL AlternatingAnalytic.completedBaseChangeNormedAddCommGroup._proof_41
AUDITED_DECL AlternatingAnalytic.clusterValue_eq_of_order
AUDITED_DECL AlternatingAnalytic.denseMultilinearFamilyExtensionIsometry
AUDITED_DECL AlternatingAnalytic.sortedSchauderRetraction._proof_7
AUDITED_DECL MultilinearMap.sum_perm_eq_of_multiplier_diagonal
AUDITED_DECL AlternatingAnalytic.staircaseMatrix_letters_eq_of_rank_le
AUDITED_DECL AlternatingAnalytic.norm_baseChangeAlternatingForms_le
AUDITED_DECL AlternatingAnalytic.DiscreteRenormedTarget
AUDITED_DECL sphericallyCompleteSpace_of_discreteNorm._proof_1_2
AUDITED_DECL AlternatingAnalytic.norm_baseChangeFormRestriction_apply_le
AUDITED_DECL AlternatingAnalytic.laurentRankOne._proof_4
AUDITED_DECL AlternatingAnalytic.denseScalarAlternatingEquiv
AUDITED_DECL AlternatingAnalytic.StaircaseClusters.blockRank_lt_of_order._proof_1_2
AUDITED_DECL AlternatingAnalytic.exteriorDecompositions
AUDITED_DECL Round24Transfer.Smap._proof_1
AUDITED_DECL InfiniteRamsey.exists_infinite_homogeneous
AUDITED_DECL AlternatingAnalytic.finiteLaurentTruncation._proof_2
AUDITED_DECL AlternatingAnalytic.completedBaseChangeOperator._proof_2
AUDITED_DECL Round24Transfer.Smap._proof_11
AUDITED_DECL ContinuousAlternatingMap.altProj_toContinuousMultilinearMap
AUDITED_DECL AlternatingAnalytic.completedBaseChangeNormedAddCommGroup._proof_47
AUDITED_DECL AlternatingAnalytic.laurentProjectiveExteriorModule
AUDITED_DECL AlternatingAnalytic.boundedLaurentCoeff_multilinear_stable
AUDITED_DECL PolarizationCounterexamples.factorialCounterexample_pol1
AUDITED_DECL AlternatingAnalytic.baseChangeLiftRestriction._proof_13
AUDITED_DECL AlternatingAnalytic.sortedAlternatingMap
AUDITED_DECL AltFree.ofLinear_apply
AUDITED_DECL AlternatingAnalytic.norm_le_baseChangeSeminorm
AUDITED_DECL AlternatingAnalytic.projectiveExteriorSeminorm_ιMulti_le
AUDITED_DECL AlternatingAnalytic.cluster_coordinates_injective_of_separated
AUDITED_DECL AlternatingAnalytic.completedBaseChangeNormedSpace._proof_6
AUDITED_DECL AltFree.norm_def
AUDITED_DECL AlternatingAnalytic.DiscreteRenormedTarget.instModule
AUDITED_DECL AlternatingAnalytic.exteriorEvaluationArray_perm
AUDITED_DECL AlternatingAnalytic.baseChangeLiftRestriction._proof_5
AUDITED_DECL AlternatingAnalytic.AllBanachPrecompositionAnalytic._proof_3
AUDITED_DECL AlternatingAnalytic.laurentBoundedFunctionModule._proof_2
AUDITED_DECL AlternatingAnalytic.completedBaseChangeNormedAddCommGroup._proof_21
AUDITED_DECL AlternatingAnalytic.restrictClusterMap
AUDITED_DECL _private.AlternatingAnalytic.Analysis.Homogeneous.0.AlternatingAnalytic.hasFPowerSeriesAt_monomialSeries._proof_1_1
AUDITED_DECL SphericallyCompleteSpace
AUDITED_DECL Round24Transfer.φ_apply
AUDITED_DECL AlternatingAnalytic.contractingRetractionLift._proof_6
AUDITED_DECL AlternatingAnalytic.liftSeminormedAddCommGroup
AUDITED_DECL AlternatingAnalytic.completedExteriorWedge._proof_2
AUDITED_DECL AlternatingAnalytic.restrict_denseScalarAlternatingExtension
AUDITED_DECL AlternatingAnalytic.exists_infinite_clusterValue_order_invariant
AUDITED_DECL AlternatingAnalytic.norm_baseChangeAlternatingForms_apply_le
AUDITED_DECL AlternatingAnalytic.scalarExtensionMultilinearStep._proof_17
AUDITED_DECL AlternatingAnalytic.denseMultilinearExtensionFinite._proof_6
AUDITED_DECL AlternatingAnalytic.algebraicLaurentCoefficient_wedgeSum_support_le
AUDITED_DECL _private.AlternatingAnalytic.Analysis.LaurentResiduePolarization.0.AlternatingAnalytic._aux_AlternatingAnalytic_Analysis_LaurentResiduePolarization___macroRules__private_AlternatingAnalytic_Analysis_LaurentResiduePolarization_0_AlternatingAnalytic_termK_1
AUDITED_DECL AlternatingAnalytic.norm_sortedBasisRetraction_le
AUDITED_DECL AlternatingAnalytic.completedBaseChangeNormedAddCommGroup._proof_28
AUDITED_DECL InfiniteRamsey.exists_infinite_homogeneous_subset
AUDITED_DECL AlternatingAnalytic.LaurentField.instSphericallyCompleteSpace
AUDITED_DECL AlternatingAnalytic.finiteField_multiplier_obstruction_full
AUDITED_DECL VectorPolynomial.eval
AUDITED_DECL AlternatingAnalytic.finiteField_multiplier_theorem
AUDITED_DECL Round24Transfer.lineCoeff
AUDITED_DECL AlternatingAnalytic.clusterCoefficientTuple._proof_1
AUDITED_DECL AlternatingAnalytic.completedBaseChangeNormedAddCommGroup
AUDITED_DECL AlternatingAnalytic.sum_cluster_weights_order_pattern._simp_1_2
AUDITED_DECL AlternatingAnalytic.DiscreteRenormedTarget.instAddCommGroup._aux_8
AUDITED_DECL AlternatingAnalytic.denseScalarQTargetEquiv_Q
AUDITED_DECL Round24Transfer.φ._proof_11
AUDITED_DECL AlternatingAnalytic.baseChangeScalarMap_apply
AUDITED_DECL AlternatingAnalytic.boundedExteriorArray._proof_1
AUDITED_DECL AltFree.instAddCommGroup
AUDITED_DECL AlternatingAnalytic.exteriorLastContraction.eq_1
AUDITED_DECL AlternatingAnalytic.StaircaseClusters.block_strictMono._proof_1_1
AUDITED_DECL AlternatingAnalytic.sortedSchauderRetraction._proof_8
AUDITED_DECL AltFree.instNorm
AUDITED_DECL AlternatingAnalytic.sortedAlternatingMap_basis
AUDITED_DECL Round24Transfer.Rmap_Smap
AUDITED_DECL AlternatingAnalytic.baseChangeTensorEquiv._proof_2
AUDITED_DECL InfiniteRamsey.exists_infinite_homogeneous_subset._simp_1_2
AUDITED_DECL AlternatingAnalytic.exists_strictMono_in_infinite_set._proof_1_1
AUDITED_DECL AlternatingAnalytic.StaircaseClusters.block_coordinates_injective._proof_1_1
AUDITED_DECL AlternatingAnalytic.laurentResiduePost._proof_4
AUDITED_DECL AlternatingAnalytic.scalarExtensionLinear_apply_tensor
AUDITED_DECL Round24Transfer.Smap._proof_9
AUDITED_DECL AlternatingAnalytic.discreteRound_mem_zpowers
AUDITED_DECL AlternatingAnalytic.LaurentField.instField._proof_57
AUDITED_DECL Round24Transfer.jAmb._proof_8
AUDITED_DECL AlternatingAnalytic.norm_completedBaseChangeOperator_le
AUDITED_DECL AlternatingAnalytic.exists_algebraicLaurentCoefficient
AUDITED_DECL AlternatingAnalytic.laurentResiduePost
AUDITED_DECL AlternatingAnalytic.completedBaseChangeNormedSpaceRestrictScalars._proof_8
AUDITED_DECL ContinuousAlternatingMap.compAlternatizationCLM._proof_10
AUDITED_DECL AlternatingAnalytic.exists_denseMultilinearExtension
AUDITED_DECL AlternatingAnalytic.AllBanachPrecompositionAnalytic._proof_7
AUDITED_DECL AlternatingAnalytic.exteriorFlattening
AUDITED_DECL AlternatingAnalytic.sortedBasisRetraction
AUDITED_DECL AlternatingAnalytic.laurent_sphericallyCompleteSpace
AUDITED_DECL AlternatingAnalytic.sphericallyCompleteSpace_of_discreteDist._simp_1_1
AUDITED_DECL AlternatingAnalytic.continuousLinearMapCongrIsometry._proof_1
AUDITED_DECL AlternatingAnalytic.geometricWeight_le_one
AUDITED_DECL AlternatingAnalytic.denseMultilinearExtension_alternating
AUDITED_DECL AlternatingAnalytic.norm_laurentDeterminantForm_le
AUDITED_DECL PolarizationCounterexamples.factorialCounterexample_not_pw
AUDITED_DECL AlternatingAnalytic.sortedEnumeration_perm_injective
AUDITED_DECL AlternatingAnalytic.clusterValue_adjacent_eq
AUDITED_DECL PolarizationCounterexamples.standardWedge_array
AUDITED_DECL AlternatingAnalytic.staircaseMatrix.eq_1
AUDITED_DECL AlternatingAnalytic.norm_ratFuncEvaluation
AUDITED_DECL AlternatingAnalytic.completionScalarAlternatingEquiv
AUDITED_DECL AlternatingAnalytic.norm_sum_eq_of_strictly_largest
AUDITED_DECL Round24Transfer.Γ_Q_succ
AUDITED_DECL AlternatingAnalytic.norm_completedBaseChangeOperator_apply_le
AUDITED_DECL AlternatingAnalytic.ratFuncToLaurentField
AUDITED_DECL AlternatingAnalytic.not_analyticAt_of_completion
AUDITED_DECL AlternatingAnalytic.constantLaurentArray._proof_1
AUDITED_DECL PolarizationCounterexamples.standardWedge.eq_1
AUDITED_DECL AlternatingAnalytic.laurent_coeff_zero_of_norm_lt_one
AUDITED_DECL AlternatingAnalytic.laurentBoundedFunctionScalarTower
AUDITED_DECL AlternatingAnalytic.scalarExtensionMultilinearStep._proof_24
AUDITED_DECL AlternatingAnalytic.algebraicLaurentCoefficientArray._proof_4
AUDITED_DECL AlternatingAnalytic.baseChangeLiftRestriction._proof_21
AUDITED_DECL AlternatingAnalytic.ProjectiveExterior.instModule._proof_6
AUDITED_DECL ContinuousAlternatingMap.altProj.eq_1
AUDITED_DECL MasterExtension.centre_dist_aux._abel_1_2
AUDITED_DECL Polarization.monomial_selectionMultiIndex
AUDITED_DECL AlternatingAnalytic.DiscreteRenormedTarget.instModule._proof_7
AUDITED_DECL AlternatingAnalytic.denseMultilinearExtensionFinite._proof_2
AUDITED_DECL AlternatingAnalytic.baseChangeLiftRestriction._proof_2
AUDITED_DECL AlternatingAnalytic.prod_laurentMonomial
AUDITED_DECL AlternatingAnalytic.exteriorSupportDim_smul_le
AUDITED_DECL AlternatingAnalytic.liftSeminormedAddCommGroup._proof_2
AUDITED_DECL AlternatingAnalytic.cluster_family_cancellation_of_intervals
AUDITED_DECL AlternatingAnalytic.denseRange_baseChangeToCompletion
AUDITED_DECL AlternatingAnalytic.exteriorEvaluationArray_ιMulti
AUDITED_DECL AlternatingAnalytic.boundedFunctionCoordinates_injective
AUDITED_DECL ContinuousAlternatingMap.compAlternatizationCLM._proof_12
AUDITED_DECL AlternatingAnalytic.schauderSpan_denseRange
AUDITED_DECL Round24Transfer.jAmb._proof_4
AUDITED_DECL Round24Transfer.hasBoundedLift_iff_exists_ι
AUDITED_DECL AlternatingAnalytic.coordinateExteriorArray._proof_1
AUDITED_DECL AlternatingAnalytic.cpolynomialAt_of_orthogonalSchauderBasis_fintype
AUDITED_DECL AlternatingAnalytic.boundedLaurentCoeff_zero_of_norm_lt_one
AUDITED_DECL AlternatingAnalytic.baseChangeFormRestriction._proof_3
AUDITED_DECL AlternatingAnalytic.baseChange_smul_tmul
AUDITED_DECL AlternatingAnalytic.projectiveExteriorSeminormFun.eq_1
AUDITED_DECL AlternatingAnalytic.scalarExtensionMultilinearStep._proof_15
AUDITED_DECL AlternatingAnalytic.clusterCoefficientTuple
AUDITED_DECL AlternatingAnalytic.completionNontriviallyNormedField._proof_1
AUDITED_DECL Round24Transfer.HasBoundedLift._proof_4
AUDITED_DECL PolarizationCounterexamples.finiteCounterexample_pw
AUDITED_DECL AlternatingAnalytic.baseChangeSeminorm
AUDITED_DECL AlternatingAnalytic.norm_finiteField_map
AUDITED_DECL Round24Transfer.contDiff_omega_iff_hasBoundedLift._proof_1_2
AUDITED_DECL AlternatingAnalytic.prod_norm_update_smul
AUDITED_DECL AlternatingAnalytic.boundedLaurentCoeff_multilinear_stable._simp_1_1
AUDITED_DECL AlternatingAnalytic.laurentProjectiveExteriorScalarTower
AUDITED_DECL AlternatingAnalytic.scalarExtensionAlternating
AUDITED_DECL AlternatingAnalytic.denseScalarMultilinearExtension._proof_2
AUDITED_DECL AlternatingAnalytic.baseChangeLiftRestriction._proof_8
AUDITED_DECL Round24Transfer.Smap._proof_8
AUDITED_DECL AlternatingAnalytic.norm_scalarExtensionLinear_apply_le
AUDITED_DECL ContinuousAlternatingMap.compAlternatizationCLM._proof_13
AUDITED_DECL AlternatingAnalytic.baseChangeModule._proof_1
AUDITED_DECL _private.AlternatingAnalytic.Analysis.LaurentResidueLift.0.AlternatingAnalytic.termE
AUDITED_DECL AlternatingAnalytic.algebraicLaurentCoefficientArray._proof_5
AUDITED_DECL ContinuousMultilinearMap.alternatizationCLM_toContinuousMultilinearMap
AUDITED_DECL AlternatingAnalytic.scalarExtensionAlternating_embedding
AUDITED_DECL ContinuousMultilinearMap.alternatization_toContinuousMultilinearMap
AUDITED_DECL AlternatingAnalytic.completedExteriorWedge
AUDITED_DECL AlternatingAnalytic.norm_baseChangeFormRestriction_le
AUDITED_DECL AlternatingAnalytic.laurentBlockWedge._proof_4
AUDITED_DECL AlternatingAnalytic.baseChangeSeminorm_smul_le._simp_1_1
AUDITED_DECL AlternatingAnalytic.StaircaseClusters.adjacent_swap_order_cases._simp_1_1
AUDITED_DECL PolarizationCounterexamples.scalarExteriorLift
AUDITED_DECL MultilinearMap.squarefree_polarization
AUDITED_DECL AltFree.rels
AUDITED_DECL AlternatingAnalytic.not_hasEquivalentUltrametricNorm_of_unbounded_partial_sums
AUDITED_DECL AlternatingAnalytic.exteriorFlattening_column_mem
AUDITED_DECL AlternatingAnalytic.schauderProjectionSpan._proof_1
AUDITED_DECL AlternatingAnalytic.denseLinearExtension._proof_7
AUDITED_DECL AlternatingAnalytic.norm_polynomial_eval₂
AUDITED_DECL AlternatingAnalytic.sortedFiniteSubsets
AUDITED_DECL AlternatingAnalytic.StaircaseClusters.block_strictMono
AUDITED_DECL AlternatingAnalytic.algebraicLaurentCoefficientArray._proof_3
AUDITED_DECL AlternatingAnalytic.laurentPolynomialMap_coeff
AUDITED_DECL InfiniteRamsey.exists_infinite_homogeneous_subset._simp_1_3
AUDITED_DECL AlternatingAnalytic.baseChangeOperatorAlgebraic._proof_1
AUDITED_DECL AlternatingAnalytic.ratFuncEvaluation._proof_2
AUDITED_DECL AlternatingAnalytic.completedScalarContraction._proof_5
AUDITED_DECL AlternatingAnalytic.norm_denseLinearExtension_le
AUDITED_DECL AlternatingAnalytic.denseScalarLiftTransport
AUDITED_DECL AlternatingAnalytic.exists_isometric_ringHom_extension
AUDITED_DECL AlternatingAnalytic.norm_denseScalarMultilinear_congr
AUDITED_DECL AlternatingAnalytic.sum_weighted_split_at
AUDITED_DECL AlternatingAnalytic.laurentBoundedFunctionModule._proof_1
AUDITED_DECL AlternatingAnalytic.ProjectiveExterior.instModule._proof_8
AUDITED_DECL AlternatingAnalytic.scalarExtensionMultilinearStep._proof_26
AUDITED_DECL AlternatingAnalytic.baseChangeFormRestriction._proof_7
AUDITED_DECL AlternatingAnalytic.normalizedMultiplierLift_pol1
AUDITED_DECL Round24Transfer.coeff_eq_of_hasFPowerSeriesAt
AUDITED_DECL AlternatingAnalytic.denseRange_algebraMap_completion
AUDITED_DECL MultilinearMap.smul_of_agree
AUDITED_DECL PolarizationCounterexamples.scalarExteriorLift.eq_1
AUDITED_DECL AlternatingAnalytic.polynomialToLaurentField_X
AUDITED_DECL AlternatingAnalytic.completionScalarLinearEquiv._proof_2
AUDITED_DECL AlternatingAnalytic.projectiveExteriorSeminorm
AUDITED_DECL AltFree.instAddCommGroup._proof_18
AUDITED_DECL _private.AlternatingAnalytic.Analysis.LaurentResidueLift.0.AlternatingAnalytic._aux_AlternatingAnalytic_Analysis_LaurentResidueLift___macroRules__private_AlternatingAnalytic_Analysis_LaurentResidueLift_0_AlternatingAnalytic_termB_1
AUDITED_DECL Round24Transfer.jj_apply
AUDITED_DECL AlternatingAnalytic.StaircaseClusters.blockRank_left_lt_right_iff._proof_1_3
AUDITED_DECL AlternatingAnalytic.multiplierWedge._proof_2
AUDITED_DECL AlternatingAnalytic.projectiveExteriorArray
AUDITED_DECL AlternatingAnalytic.denseAlternatingExtension._proof_5
AUDITED_DECL Round24Transfer.Γ._proof_12
AUDITED_DECL AlternatingAnalytic.completedBaseChangeNormedAddCommGroup._proof_50
AUDITED_DECL AlternatingAnalytic.exteriorDecompositionValue._proof_1
AUDITED_DECL AlternatingAnalytic.sortedBasisRetraction._proof_1
AUDITED_DECL AlternatingAnalytic.baseChangeOperatorsLinear
AUDITED_DECL VectorPolynomial.scalarPolynomial_coeff
AUDITED_DECL AlternatingAnalytic.laurentLiftSeminormedAddCommGroup._proof_1
AUDITED_DECL AlternatingAnalytic.coordinateExteriorArray_injective
AUDITED_DECL AlternatingAnalytic.scalarExtensionMultilinear_embedding
AUDITED_DECL AlternatingAnalytic.ProjectiveExterior._proof_3
AUDITED_DECL AlternatingAnalytic.denseScalarAlternatingEquiv._proof_3
AUDITED_DECL Round24Transfer.jAmb._proof_10
AUDITED_DECL AlternatingAnalytic.schauderProjectionSpan
AUDITED_DECL AlternatingAnalytic.finiteLaurentTruncation_coeff_below
AUDITED_DECL AlternatingAnalytic.sortedAlternatingMap._proof_5
AUDITED_DECL AlternatingAnalytic.cpolynomialAt_of_equivalentUltrametricNorm_discreteField
AUDITED_DECL AlternatingAnalytic.denseLinearExtension_raw_apply
AUDITED_DECL AlternatingAnalytic.BoundedPrecompositionLiftCandidate
AUDITED_DECL AlternatingAnalytic.baseChangeEmbedding._proof_1
AUDITED_DECL ContinuousAlternatingMap.compAlternatizationCLM._proof_20
AUDITED_DECL AlternatingAnalytic.exteriorEvaluationArray.eq_1
AUDITED_DECL AlternatingAnalytic.laurentLiftFixedVectors._proof_11
AUDITED_DECL AlternatingAnalytic.sortedFormulaLiftNorm._proof_5
AUDITED_DECL AlternatingAnalytic.baseChangeToCompletionK._proof_1
AUDITED_DECL instIsUltrametricDistContinuousAlternatingMap_alternatingAnalytic
AUDITED_DECL AlternatingAnalytic.denseLinearExtension._proof_2
AUDITED_DECL AlternatingAnalytic.laurentLiftFixedVectors._proof_8
AUDITED_DECL AlternatingAnalytic.completedExteriorArray_laurentBlockWedge
AUDITED_DECL ContinuousAlternatingMap.compAlternatizationCLM._proof_8
AUDITED_DECL PolarizationCounterexamples.firstPattern._proof_1
AUDITED_DECL AlternatingAnalytic.laurent_valuation_eq_order._proof_1_2
AUDITED_DECL ContinuousAlternatingMap.compAlternatizationCLM._proof_25
AUDITED_DECL _private.AlternatingAnalytic.Analysis.LaurentResiduePolarization.0.AlternatingAnalytic.termB
AUDITED_DECL AlternatingAnalytic.sum_clusterValue_order_eq_one
AUDITED_DECL InfiniteRamsey.exists_infinite_homogeneous_subset._proof_1_4
AUDITED_DECL AlternatingAnalytic.scalarExtensionTensorMap_tmul
AUDITED_DECL AlternatingAnalytic.hasBoundedLift_fin_of_denseScalars
AUDITED_DECL AlternatingAnalytic.denseScalarAlternatingEquiv_symm_apply
AUDITED_DECL Round24Transfer.hasFPowerSeriesAt_shift
AUDITED_DECL AlternatingAnalytic.completionScalarLiftTransport._proof_1
AUDITED_DECL AlternatingAnalytic.denseScalarLinearEquiv._proof_9
AUDITED_DECL AlternatingAnalytic.completedExteriorArray_norm_le
AUDITED_DECL AlternatingAnalytic.denseScalarLiftTransport._proof_4
AUDITED_DECL AlternatingAnalytic.exteriorDecompositionCost
AUDITED_DECL ContinuousAlternatingMap.compAlternatizationCLM._proof_6
AUDITED_DECL AlternatingAnalytic.denseScalarLinearEquiv._proof_10
AUDITED_DECL PolarizationCounterexamples.exists_pol1_not_pw
AUDITED_DECL Polarization.selectionMultiIndex
AUDITED_DECL AlternatingAnalytic.continuousLinearMapCongrIsometry
AUDITED_DECL AlternatingAnalytic.continuousLinearMapCongrIsometry._proof_7
AUDITED_DECL PolarizationCounterexamples.ZeroMultiplierPol
AUDITED_DECL AlternatingAnalytic.scalarExtensionMultilinearStep._proof_9
AUDITED_DECL AlternatingAnalytic.projectiveExteriorWedge_apply
AUDITED_DECL AlternatingAnalytic.LaurentField.coeff._proof_1
AUDITED_DECL AlternatingAnalytic.scalarExtensionMultilinearStep._proof_30
AUDITED_DECL PolarizationCounterexamples.exists_pol1_not_pw._proof_1_1
AUDITED_DECL AlternatingAnalytic.scalarExtensionLinearFamily
AUDITED_DECL Round24Transfer.ambLift._proof_8
AUDITED_DECL AlternatingAnalytic.tensorModeSupport_le_iff
AUDITED_DECL AlternatingAnalytic.LaurentField.instField._proof_56
AUDITED_DECL Round24Transfer.Γ
AUDITED_DECL AlternatingAnalytic.BoundedPrecompositionLiftCandidate._proof_6
AUDITED_DECL AlternatingAnalytic.boundedSequenceMultiplier_apply
AUDITED_DECL AlternatingAnalytic.LaurentField.norm_of_ne_zero
AUDITED_DECL Round24Transfer.Γ._proof_18
AUDITED_DECL AlternatingAnalytic.baseChangeLiftDescent._proof_7
AUDITED_DECL AltFree.instModule._proof_5
AUDITED_DECL AlternatingAnalytic.baseChangeFormRestriction._proof_16
AUDITED_DECL AlternatingAnalytic.summable_sortedBasisTerm
AUDITED_DECL AlternatingAnalytic.denseScalarLiftTransport._proof_1
AUDITED_DECL AlternatingAnalytic.denseScalarAlternatingExtension_apply
AUDITED_DECL AlternatingAnalytic.denseScalarAlternatingExtension._proof_1
AUDITED_DECL AlternatingAnalytic.determinantArray_perm
AUDITED_DECL AlternatingAnalytic.laurentLiftSeminormedAddCommGroup._proof_11
AUDITED_DECL AltFree.instSeminormedAddCommGroup
AUDITED_DECL AlternatingAnalytic.scalarExtensionMultilinearStep._proof_7
AUDITED_DECL AlternatingAnalytic.projectiveExteriorSeminormFun_smul_le
AUDITED_DECL AlternatingAnalytic.baseChangeDecompositionNonempty
AUDITED_DECL AlternatingAnalytic.baseChangeLiftRestriction._proof_26
AUDITED_DECL PolarizationCounterexamples.factorialCounterexample_pol1._proof_1_1
AUDITED_DECL AlternatingAnalytic.ClusterMap._proof_1
AUDITED_DECL AlternatingAnalytic.completedBaseChangeNormedAddCommGroup._proof_7
AUDITED_DECL AlternatingAnalytic.completedScalarContraction._proof_3
AUDITED_DECL AlternatingAnalytic.sum_cluster_weights_order_pattern._simp_1_1
AUDITED_DECL AlternatingAnalytic.determinantArraySubmodule
AUDITED_DECL PolarizationCounterexamples.finiteCounterexample_not_pol
AUDITED_DECL Polarization.selectionMultiIndex_apply
AUDITED_DECL AlternatingAnalytic.StaircaseClusters.blockRank_right_lt_left_iff._proof_1_3
AUDITED_DECL PolarizationCounterexamples.secondPattern_type_zero
AUDITED_DECL AlternatingAnalytic.determinantArray_weighted_expansion
AUDITED_DECL AltFree.instAddCommGroup._aux_8
AUDITED_DECL AlternatingAnalytic.exists_norm_eq_of_discrete
AUDITED_DECL AlternatingAnalytic.sortedFormulaLiftNorm._proof_7
AUDITED_DECL AlternatingAnalytic.scalarExtensionMultilinearStep._proof_4
AUDITED_DECL AlternatingAnalytic.laurent_norm_algebraMap
AUDITED_DECL AlternatingAnalytic.laurentLift_grouped
AUDITED_DECL AlternatingAnalytic.multilinearProductToFamily
AUDITED_DECL AlternatingAnalytic.denseScalarQTargetEquiv._proof_10
AUDITED_DECL AlternatingAnalytic.toTensorPower_injective
AUDITED_DECL AlternatingAnalytic.baseChangeLiftDescent._proof_3
AUDITED_DECL AlternatingAnalytic.baseChangeSeminormL._proof_1
AUDITED_DECL AlternatingAnalytic.denseScalarQTargetEquiv._proof_7
AUDITED_DECL OrderPattern.exists_padded_finset._simp_1_1
AUDITED_DECL AlternatingAnalytic.StaircaseClusters.adjacent_swap_order_cases._proof_1_5
AUDITED_DECL AlternatingAnalytic.determinantArraySubmodule._proof_1
AUDITED_DECL AlternatingAnalytic.roundedSeminorm
AUDITED_DECL AlternatingAnalytic.hasBoundedLift_of_orthogonalSchauderBasis
AUDITED_DECL AlternatingAnalytic.exteriorWedgeCost_nonneg
AUDITED_DECL AltFree.ofLinear._proof_1
AUDITED_DECL AlternatingAnalytic.completedBaseChangeOperator._proof_1
AUDITED_DECL AlternatingAnalytic.CompletedBaseChange
AUDITED_DECL AlternatingAnalytic.baseChangeFormRestriction._proof_15
AUDITED_DECL Round24Transfer.hasBoundedLift_of_card_eq_succ
AUDITED_DECL AlternatingAnalytic.sortedAlternatingMap._proof_7
AUDITED_DECL AlternatingAnalytic.boundedFunction_projectiveExterior_properties
AUDITED_DECL AlternatingAnalytic.denseScalarLinearEquiv._proof_5
AUDITED_DECL Round24Transfer.hasBoundedLift_equiv_iff
AUDITED_DECL AlternatingAnalytic.denseAlternatingExtension._proof_4
AUDITED_DECL AlternatingAnalytic.HasEquivalentUltrametricNorm.bounded_unit_sums
AUDITED_DECL AlternatingAnalytic.exteriorLastContraction_properties
AUDITED_DECL AlternatingAnalytic.ProjectiveExterior.instNormedAddCommGroup._proof_2
AUDITED_DECL AlternatingAnalytic.boundedFunctionCoordinates._proof_5
AUDITED_DECL AltFree.core
AUDITED_DECL AlternatingAnalytic.multilinear_zero_of_dense_span_on._simp_1_2
AUDITED_DECL AltFree.hat_eq_zero_of_mem_relSub._simp_1_1
AUDITED_DECL AlternatingAnalytic.laurentRankOne._proof_6
AUDITED_DECL PolarizationCounterexamples.finiteCounterexample.eq_1
AUDITED_DECL AlternatingAnalytic.LaurentField.instField._aux_8
AUDITED_DECL Round24Transfer.hasBoundedLift_reindex_iff
AUDITED_DECL AlternatingAnalytic.alternating_of_dense_span_range
AUDITED_DECL AlternatingAnalytic.laurent_norm_of_ne_zero
AUDITED_DECL R24.perm_invariant_of_adjacent
AUDITED_DECL Round24Transfer.Γ_apply
AUDITED_DECL AlternatingAnalytic.laurentLiftSeminormedAddCommGroup._proof_7
AUDITED_DECL MultilinearMap.diagonalCoefficients_apply
AUDITED_DECL exists_extension_of_sphericallyComplete
AUDITED_DECL AlternatingAnalytic.ClusterVectorAntisymmetric._proof_1
AUDITED_DECL AlternatingAnalytic.projectiveExteriorAddGroupNorm
AUDITED_DECL AlternatingAnalytic.multilinear_repeated_update_add._abel_1_1
AUDITED_DECL _private.AlternatingAnalytic.Analysis.Homogeneous.0.AlternatingAnalytic.hasFPowerSeriesAt_monomialSeries
AUDITED_DECL AlternatingAnalytic.sum_clusterOperatorWeight
AUDITED_DECL AlternatingAnalytic.completedLaurentCoefficientArray._proof_6
AUDITED_DECL AlternatingAnalytic.completedExteriorArray._proof_1
AUDITED_DECL OrderPattern.exists_padded_finset._proof_1_4
AUDITED_DECL ContinuousAlternatingMap.compAlternatizationCLM
AUDITED_DECL AlternatingAnalytic.one_le_geometricWeightMaximum
AUDITED_DECL AlternatingAnalytic.StaircaseClusters.adjacent_swap_order_cases._proof_1_2
AUDITED_DECL AlternatingAnalytic.sum_cluster_weights_mul_lt._simp_1_1
AUDITED_DECL _private.AlternatingAnalytic.Analysis.LaurentResiduePolarization.0.AlternatingAnalytic._aux_AlternatingAnalytic_Analysis_LaurentResiduePolarization___unexpand_AlternatingAnalytic_ProjectiveExteriorCompletion_1
AUDITED_DECL AlternatingAnalytic.sum_cluster_pair_of_pattern._proof_1_2
AUDITED_DECL Polarization.selectionType.eq_1
AUDITED_DECL AlternatingAnalytic.baseChangeOperatorAlgebraic
AUDITED_DECL AlternatingAnalytic.norm_baseChangeLiftDescent_le
AUDITED_DECL ContinuousAlternatingMap.compAlternatizationCLM_apply
AUDITED_DECL MasterExtension.step._simp_1_1
AUDITED_DECL AlternatingAnalytic.norm_denseScalarLiftTransport
AUDITED_DECL AlternatingAnalytic.exteriorDecompositions.eq_1
AUDITED_DECL AlternatingAnalytic.restrictClusterMap._proof_1
AUDITED_DECL AlternatingAnalytic.baseChangeLiftRestriction._proof_1
AUDITED_DECL ContinuousAlternatingMap.altProj._proof_1
AUDITED_DECL AlternatingAnalytic.baseChangeAlternatingForms._proof_6
AUDITED_DECL AlternatingAnalytic.exteriorWedgeSum
AUDITED_DECL AlternatingAnalytic.baseChangeAlternatingForms._proof_13
AUDITED_DECL AlternatingAnalytic.denseScalarAlternatingEquiv._proof_1
AUDITED_DECL InfiniteRamsey.exists_infinite_homogeneous_subset._simp_1_1
AUDITED_DECL AlternatingAnalytic.scalarExtensionMultilinearStep._proof_16
AUDITED_DECL AlternatingAnalytic.baseChangeScalarMap.eq_1
AUDITED_DECL PolarizationCounterexamples.factorialCounterexample_value
AUDITED_DECL OrderPattern.exists_infinite_order_homogeneous_finite
AUDITED_DECL AlternatingAnalytic.contractingRetractionLiftNorm._proof_4
AUDITED_DECL AlternatingAnalytic.norm_completionScalarLiftTransport
AUDITED_DECL AlternatingAnalytic.completedBaseChangeNormedAddCommGroup._proof_36
AUDITED_DECL ContinuousMultilinearMap.alternatizationCLM
AUDITED_DECL Equiv.piSplitAt.eq_1
AUDITED_DECL AlternatingAnalytic.discreteRound_max
AUDITED_DECL AlternatingAnalytic.laurentLiftSeminormedAddCommGroup._proof_5
AUDITED_DECL AlternatingAnalytic.norm_polynomial_eval₂_eq_laurent
AUDITED_DECL AlternatingAnalytic.operatorTensorEval._proof_1
AUDITED_DECL AlternatingAnalytic.completedBaseChangeNormedSpaceRestrictScalars._proof_4
AUDITED_DECL AlternatingAnalytic.completedBaseChangeEmbedding_apply
AUDITED_DECL AlternatingAnalytic.baseChangeOperatorsLinear._proof_8
AUDITED_DECL AlternatingAnalytic.not_analyticAt_completedBaseChange_of_not_analyticAt
AUDITED_DECL AlternatingAnalytic.completedBaseChangeNormedAddCommGroup._proof_9
AUDITED_DECL MasterExtension.IsGood
AUDITED_DECL AlternatingAnalytic.baseChangeAlternatingForms_embedding
AUDITED_DECL AlternatingAnalytic.continuousLinearMapCongrIsometry._proof_3
AUDITED_DECL AlternatingAnalytic.LaurentField.instField._aux_66
AUDITED_DECL MultilinearMap.sumOfType_eq_of_diagonal_eq
AUDITED_DECL AlternatingAnalytic.norm_sortedBasisTerm_le
AUDITED_DECL AlternatingAnalytic.normedExtensionNontriviallyNormedField._proof_1
AUDITED_DECL AlternatingAnalytic.exteriorWedgeSum.eq_1
AUDITED_DECL ContinuousAlternatingMap.compAlternatizationCLM._proof_14
AUDITED_DECL AlternatingAnalytic.staircaseMatrix
AUDITED_DECL AlternatingAnalytic.completionScalarLiftTransport._proof_2
AUDITED_DECL AlternatingAnalytic.boundedFunctionCoordinates_apply
AUDITED_DECL AlternatingAnalytic.clusterValue._proof_1
AUDITED_DECL AlternatingAnalytic.completedBaseChangeIsScalarTower
AUDITED_DECL AlternatingAnalytic.denseScalarMultilinearEquiv._proof_2
AUDITED_DECL AlternatingAnalytic.completedBaseChangeNormedAddCommGroup._aux_5
AUDITED_DECL AlternatingAnalytic.LaurentField.instCharP
AUDITED_DECL ContinuousAlternatingMap.compAlternatizationCLM._proof_5
AUDITED_DECL ContinuousAlternatingMap.cpolynomialOn_compContinuousLinearMapCLM
AUDITED_DECL AlternatingAnalytic.algebraicLaurentCoefficient._proof_1
AUDITED_DECL Round24Transfer.HasBoundedLift._proof_2
AUDITED_DECL Round24Transfer.Γ._proof_11
AUDITED_DECL AlternatingAnalytic.polynomialToLaurentField_C
AUDITED_DECL AlternatingAnalytic.baseChangeTensorEquiv
AUDITED_DECL AlternatingAnalytic.boundedLaurentCoeffAddHom._proof_1
AUDITED_DECL OrderPattern.exists_padded_finset._proof_1_5
AUDITED_DECL AlternatingAnalytic.hasEmptyDescendingBallSequence_of_not_sphericallyComplete
AUDITED_DECL AlternatingAnalytic.projectiveExteriorWedge
AUDITED_DECL AlternatingAnalytic.denseScalarMultilinearExtension._proof_1
AUDITED_DECL AlternatingAnalytic.ProjectiveExterior.instNormedAddCommGroup._proof_4
AUDITED_DECL AlternatingAnalytic.denseScalarLiftTransport._proof_7
AUDITED_DECL sphericallyCompleteSpace_of_discreteNorm._simp_1_1
AUDITED_DECL AlternatingAnalytic.laurentWedgeCoefficient_properties
AUDITED_DECL AlternatingAnalytic.scalarExtensionMultilinearZero
AUDITED_DECL AlternatingAnalytic.DiscreteRenormedTarget.instAddCommGroup._proof_21
AUDITED_DECL MasterExtension.balls_meet
AUDITED_DECL AlternatingAnalytic.BoundedPrecompositionLiftCandidate._proof_2
AUDITED_DECL PolarizationCounterexamples.coordinateProduct_basis
AUDITED_DECL AlternatingAnalytic.algebraicLaurentCoefficient._proof_2
AUDITED_DECL AlternatingAnalytic.scalarExtensionLinear_embedding
AUDITED_DECL AlternatingAnalytic.baseChangeModule
AUDITED_DECL AlternatingAnalytic.StaircaseClusters.selection
AUDITED_DECL AlternatingAnalytic.norm_denseScalarMultilinearExtension
AUDITED_DECL AlternatingAnalytic.exists_scalarContraction_ne_zero
AUDITED_DECL AlternatingAnalytic.StaircaseClusters.block_lt_of_rank
AUDITED_DECL ContinuousAlternatingMap.compAlternatizationCLM._proof_4
AUDITED_DECL AlternatingAnalytic.exteriorPower_map_mem_exteriorPowerSubmodule
AUDITED_DECL AlternatingAnalytic.continuousLinearMapCongrIsometry._proof_4
AUDITED_DECL AlternatingAnalytic.scalarExtensionLinear._proof_3
AUDITED_DECL AlternatingAnalytic.cpolynomialAt_of_equivalentUltrametricNorm_discreteValueGroup
AUDITED_DECL Round24Transfer.Γ._proof_2
AUDITED_DECL AlternatingAnalytic.AnalyticAt.exists_multilinearMap_eq_of_homogeneous
AUDITED_DECL AlternatingAnalytic.LaurentField.instNontriviallyNormedField._proof_2
AUDITED_DECL AlternatingAnalytic.constantLaurentArray_add
AUDITED_DECL AlternatingAnalytic.scalarExtensionMultilinearStep._proof_12
AUDITED_DECL AlternatingAnalytic.exists_laurentField_normedAlgebra
AUDITED_DECL AltFree.instAddCommGroup._aux_1
AUDITED_DECL AlternatingAnalytic.ratFuncEvaluation_polynomial
AUDITED_DECL AlternatingAnalytic.norm_laurentBlockWedge_le_one
AUDITED_DECL AlternatingAnalytic.normalizedClusterLift.eq_1
AUDITED_DECL Round24Transfer.jAmb._proof_11
AUDITED_DECL AlternatingAnalytic.determinantArraySubmodule_ιMulti
AUDITED_DECL AlternatingAnalytic.scalarContractionContinuous._proof_1
AUDITED_DECL AltFree.hat_nnnorm_le
AUDITED_DECL AlternatingAnalytic.exteriorSupportDim_zero
AUDITED_DECL AlternatingAnalytic.tensorModeSupportFamily_smul_tprod_le
AUDITED_DECL Round24Transfer.jAmb
AUDITED_DECL AlternatingAnalytic.completedLaurentCoefficient
AUDITED_DECL AlternatingAnalytic.denseScalarQTargetEquiv_apply
AUDITED_DECL AlternatingAnalytic.exists_exterior_decomposition
AUDITED_DECL AlternatingAnalytic.scalarExtensionAlternatingFamily._proof_1
AUDITED_DECL AlternatingAnalytic.le_norm_sum_laurentBlockWedge
AUDITED_DECL ContinuousAlternatingMap.contDiff_compContinuousLinearMapCLM_of_retraction
AUDITED_DECL AlternatingAnalytic.laurentResiduePost._proof_1
AUDITED_DECL AlternatingAnalytic.exists_completeField_counterexample
AUDITED_DECL AlternatingAnalytic.constantLaurentArray
AUDITED_DECL AlternatingAnalytic.sortedAlternatingMap._proof_3
AUDITED_DECL AlternatingAnalytic.tensorContractionFamily_mem_tensorModeSupportFamily
AUDITED_DECL AlternatingAnalytic.exteriorPowerSubmodule._proof_1
AUDITED_DECL AlternatingAnalytic.baseChangeFormRestriction._proof_1
AUDITED_DECL AlternatingAnalytic.scalarExtensionAlternatingFamily
AUDITED_DECL Round24Transfer.Smap._proof_5
AUDITED_DECL PolarizationCounterexamples.pattern_types_ne
AUDITED_DECL ContinuousAlternatingMap.compAlternatizationCLM._proof_19
AUDITED_DECL PolarizationCounterexamples.coordinateProduct_basis._simp_1_3
AUDITED_DECL AlternatingAnalytic.exteriorContraction_coordinate
AUDITED_DECL AltFree.hatL.congr_simp
AUDITED_DECL AlternatingAnalytic.denseMultilinearExtensionFinite
AUDITED_DECL AlternatingAnalytic.StaircaseClusters.block
AUDITED_DECL AlternatingAnalytic.DiscreteRenormedTarget.instModule._proof_4
AUDITED_DECL Round24Transfer.hasBoundedLift_of_analyticAt
AUDITED_DECL Round24Transfer.ambLift._proof_7
AUDITED_DECL AlternatingAnalytic.denseScalarLiftTransport._proof_9
AUDITED_DECL AlternatingAnalytic.laurent_completeSpace
AUDITED_DECL AlternatingAnalytic.completedLaurentCoefficient_full_properties
AUDITED_DECL Round24Transfer.reindexAlt._proof_1
AUDITED_DECL AlternatingAnalytic.boundedSequenceMultiplier._proof_6
AUDITED_DECL ContinuousAlternatingMap.compAlternatizationCLM._proof_9
AUDITED_DECL AlternatingAnalytic.denseFamilyProductIsometry
AUDITED_DECL PolarizationCounterexamples.ZeroMultiplierPw._proof_1
AUDITED_DECL AlternatingAnalytic.discreteRound_zpow_mul
AUDITED_DECL AlternatingAnalytic.baseChangeLiftRestriction._proof_4
AUDITED_DECL AlternatingAnalytic.baseChangeToCompletionK
AUDITED_DECL AlternatingAnalytic.LaurentField.instField._aux_50
AUDITED_DECL AlternatingAnalytic.norm_scalarExtensionMultilinearStep_apply_le
AUDITED_DECL AlternatingAnalytic.completedLaurentCoefficient_unique
AUDITED_DECL AlternatingAnalytic.norm_baseChangeOperatorAlgebraic_apply_le
AUDITED_DECL AlternatingAnalytic.roundedSeminorm_apply
AUDITED_DECL AlternatingAnalytic.baseChangeOperatorsLinear._proof_7
AUDITED_DECL AlternatingAnalytic.clusterOperatorWeight.eq_1
AUDITED_DECL AlternatingAnalytic.assignedClusterValue_eq_zero_of_operator_free
AUDITED_DECL AlternatingAnalytic.MultiplierMap
AUDITED_DECL MultilinearMap.map_sumOfType_eq_of_diagonal_eq
AUDITED_DECL AlternatingAnalytic.norm_sum_laurentBlockWedge_eq
AUDITED_DECL AlternatingAnalytic.DiscreteRenormedTarget.linearEquiv
AUDITED_DECL Round24Transfer.φ._proof_8
AUDITED_DECL AlternatingAnalytic.denseScalarLinearEquiv._proof_2
AUDITED_DECL AlternatingAnalytic.MultiplierMap._proof_1
AUDITED_DECL AlternatingAnalytic.nontriviallyNormedFieldOfDiscreteValueGroup
AUDITED_DECL AlternatingAnalytic.DiscreteRenormedTarget.instModule._aux_1
AUDITED_DECL AlternatingAnalytic.laurentPolynomialMap
AUDITED_DECL AlternatingAnalytic.determinantArraySubmodule_eq_zero_of_eq
AUDITED_DECL AlternatingAnalytic.LaurentField.instField._proof_72
AUDITED_DECL AlternatingAnalytic.laurentLiftFixedVectors._proof_2
AUDITED_DECL Round24Transfer.jAmb._proof_1
AUDITED_DECL AlternatingAnalytic.LaurentField.instField._aux_48
AUDITED_DECL AlternatingAnalytic.geometricWeightMaximum.congr_simp
AUDITED_DECL AltFree.le_nn._simp_1_1
AUDITED_DECL AlternatingAnalytic.finiteField_multiplier_obstruction
AUDITED_DECL AltFree.instAddCommGroup._aux_12
AUDITED_DECL AlternatingAnalytic.completedBaseChangeNormedAddCommGroup._aux_39
AUDITED_DECL AlternatingAnalytic.baseChangeSeminorm._proof_1
AUDITED_DECL AlternatingAnalytic.normalizedMultiplierLift_diagonal
AUDITED_DECL AlternatingAnalytic.finiteLaurentWedgeCoefficient.eq_1
AUDITED_DECL AlternatingAnalytic.LaurentField.instField._aux_20
AUDITED_DECL AlternatingAnalytic.laurentLiftSeminormedAddCommGroup._proof_13
AUDITED_DECL AlternatingAnalytic.laurent_norm_single
AUDITED_DECL AlternatingAnalytic.denseScalarLinearExtension_apply
AUDITED_DECL AlternatingAnalytic.LaurentField.instField._aux_59
AUDITED_DECL AlternatingAnalytic.completedBaseChangeNormedSpaceRestrictScalars._proof_7
AUDITED_DECL AlternatingAnalytic.norm_laurentLift_constant_le
AUDITED_DECL AlternatingAnalytic.clusterValue_expansion
AUDITED_DECL AlternatingAnalytic.projectiveExteriorWedge._proof_1
AUDITED_DECL R24.coeffOf
AUDITED_DECL AlternatingAnalytic.exists_sortedSchauderLift
AUDITED_DECL AlternatingAnalytic.baseChangeOperatorAlgebraic_tmul
AUDITED_DECL AlternatingAnalytic.discreteRound_nonneg
AUDITED_DECL Round24Transfer.Γ._proof_10
AUDITED_DECL AlternatingAnalytic.completedBaseChangeNormedSpace
AUDITED_DECL PolarizationCounterexamples.scalarExteriorLift_alternating
AUDITED_DECL AlternatingAnalytic.laurentLiftFixedVectors._proof_9
AUDITED_DECL AlternatingAnalytic.geometricWeightMaximum
AUDITED_DECL AlternatingAnalytic.baseChangeLiftRestriction._proof_18
AUDITED_DECL AlternatingAnalytic.exists_exterior_support_finrank
AUDITED_DECL AlternatingAnalytic.finsupp_eq_single_of_degree_eq
AUDITED_DECL AlternatingAnalytic.baseChangeLiftRestriction_apply
AUDITED_DECL AlternatingAnalytic.exteriorLastContraction
AUDITED_DECL AlternatingAnalytic.completedBaseChangeNormedSpace._aux_1
AUDITED_DECL Round24Transfer.reindexCLM._proof_1
AUDITED_DECL AlternatingAnalytic.StaircaseClusters.blockRank_bounds._proof_1_3
AUDITED_DECL AlternatingAnalytic.liftNorm
AUDITED_DECL AlternatingAnalytic.liftSpaceNorm._proof_3
AUDITED_DECL AltFree.instModule._proof_4
AUDITED_DECL AlternatingAnalytic.tensorContraction_mem_tensorModeSupport
AUDITED_DECL AlternatingAnalytic.schauderSpanBasis_coord._simp_1_1
AUDITED_DECL AlternatingAnalytic.denseScalarLinearEquiv._proof_6
AUDITED_DECL AlternatingAnalytic.norm_baseChangeOperators_le_one
AUDITED_DECL PolarizationCounterexamples.finiteCounterexample_pw._proof_1_1
AUDITED_DECL AlternatingAnalytic.sortedBasisRetraction_apply
AUDITED_DECL AlternatingAnalytic.completedBaseChangeNormedSpaceRestrictScalars._proof_9
AUDITED_DECL AltFree.instNormedSpace
AUDITED_DECL AlternatingAnalytic.baseChangeSeminorm_tmul_le
AUDITED_DECL OrderPattern.exists_padded_finset._simp_1_7
AUDITED_DECL AlternatingAnalytic.discreteRound.eq_1
AUDITED_DECL Round24Transfer.not_analyticAt_prod_of_not_analyticAt
AUDITED_DECL AlternatingAnalytic.laurentLiftFixedVectors._proof_1
AUDITED_DECL AlternatingAnalytic.baseChangeLiftRestriction._proof_22
AUDITED_DECL AlternatingAnalytic.exteriorContractionSpan_finite
AUDITED_DECL AlternatingAnalytic.completedBaseChangeNormedAddCommGroup._proof_44
AUDITED_DECL PolarizationCounterexamples.firstPattern_product
AUDITED_DECL InfiniteRamsey.exists_infinite_homogeneous_subset._proof_1_5
AUDITED_DECL AlternatingAnalytic.scalarExtensionMultilinearStep._proof_23
AUDITED_DECL AlternatingAnalytic.StaircaseClusters.blockRank_lt_of_order._proof_1_1
AUDITED_DECL Round24Transfer.coeff_eq_of_ambient
AUDITED_DECL AlternatingAnalytic.sum_cluster_weights_order_pattern
AUDITED_DECL R24.coeffOf_perm
AUDITED_DECL AlternatingAnalytic.multiplierWedge
AUDITED_DECL AlternatingAnalytic.operatorTensorEval.eq_1
AUDITED_DECL AlternatingAnalytic.sum_clusterVectorWeight
AUDITED_DECL SphericallyCompleteSpace.recOn
AUDITED_DECL AlternatingAnalytic.AllBanachPrecompositionAnalytic._proof_8
AUDITED_DECL R24.sum_superset_neg_one_pow
AUDITED_DECL AlternatingAnalytic.denseScalarLinearExtension._proof_2
AUDITED_DECL AlternatingAnalytic.exteriorEvaluationArray_injective_of_span_eq_top
AUDITED_DECL AlternatingAnalytic.baseChangeFormRestriction._proof_13
AUDITED_DECL AlternatingAnalytic.completedBaseChangeNormedSpace._proof_3
AUDITED_DECL AlternatingAnalytic.hasBoundedLift_of_denseScalars
AUDITED_DECL AlternatingAnalytic.projectiveExteriorArray_wedge
AUDITED_DECL AltFree.instModule._proof_8
AUDITED_DECL AlternatingAnalytic.scalarExtensionMultilinearStep._proof_11
AUDITED_DECL VectorPolynomial.scalarPolynomial._proof_1
AUDITED_DECL AlternatingAnalytic.sum_clusterInput_ternary
AUDITED_DECL AlternatingAnalytic.norm_det_mul_prod_le
AUDITED_DECL AlternatingAnalytic.laurentPolynomialMap_coeff._simp_1_1
AUDITED_DECL AlternatingAnalytic.scalarExtensionMultilinearStep._proof_21
AUDITED_DECL AlternatingAnalytic.laurentMonomial
AUDITED_DECL AlternatingAnalytic.laurentNormedField
AUDITED_DECL AlternatingAnalytic.boundedExteriorArray
AUDITED_DECL ContinuousAlternatingMap.analyticAt_compContinuousLinearMapCLM_of_sphericallyComplete
AUDITED_DECL MultilinearMap.diagonalCoefficients_degree
AUDITED_DECL AlternatingAnalytic.completedExteriorArray._proof_4
AUDITED_DECL AlternatingAnalytic.completedBaseChangeNormedAddCommGroup._proof_24
AUDITED_DECL AlternatingAnalytic.laurentResidueLift._proof_2
AUDITED_DECL AlternatingAnalytic.not_hasEquivalentUltrametricNorm_of_linear_growth
AUDITED_DECL AlternatingAnalytic.exteriorEvaluationArray
AUDITED_DECL AlternatingAnalytic.StaircaseClusters.adjacent_swap_order_cases
AUDITED_DECL AlternatingAnalytic.baseChangeLiftRestriction._proof_10
AUDITED_DECL SphericallyCompleteSpace.inter_nonempty
AUDITED_DECL AltFree.nn_add_le
AUDITED_DECL AlternatingAnalytic.geometricWeight_le_maximum
AUDITED_DECL AlternatingAnalytic.operatorTensorEval._proof_4
AUDITED_DECL AlternatingAnalytic.roundedSeminorm._proof_2
AUDITED_DECL AlternatingAnalytic.DiscreteRenormedTarget.instAddCommGroup._proof_18
AUDITED_DECL AlternatingAnalytic.span_coordinate_evaluations
AUDITED_DECL AlternatingAnalytic.analyticAt_of_orthogonalSchauderBasis
AUDITED_DECL AlternatingAnalytic.exteriorSupportDim
AUDITED_DECL AltFree.instModule
AUDITED_DECL AlternatingAnalytic.laurentDeterminantForm._proof_2
AUDITED_DECL AltFree.le_nn._simp_1_2
AUDITED_DECL AlternatingAnalytic.finiteLaurentWedgeCoefficient_array
AUDITED_DECL AlternatingAnalytic.projectiveExterior_properties
AUDITED_DECL AlternatingAnalytic.LaurentField.instField._proof_26
AUDITED_DECL AlternatingAnalytic.finiteLaurentTruncation_coeff_below._proof_1_1
AUDITED_DECL R24.factorial_mul_coeff_eq_one
AUDITED_DECL AlternatingAnalytic.baseChangeFormRestriction._proof_5
AUDITED_DECL AlternatingAnalytic.assignmentTag
AUDITED_DECL AlternatingAnalytic.scalarExtensionLinear._proof_5
AUDITED_DECL AlternatingAnalytic.ProjectiveExterior.instNormedSpace._proof_1
AUDITED_DECL instIsUltrametricDistContinuousMultilinearMap_alternatingAnalytic
AUDITED_DECL AlternatingAnalytic.norm_finiteField_map_le_one
AUDITED_DECL AlternatingAnalytic.laurentPolynomialMap_injective
AUDITED_DECL AlternatingAnalytic.contractingRetractionLift
AUDITED_DECL AlternatingAnalytic.laurentBlockWedge.eq_1
AUDITED_DECL AlternatingAnalytic.coordinateContractionForms.eq_1
AUDITED_DECL AltFree.hatL
AUDITED_DECL AlternatingAnalytic.homogeneous_eval_coordinate
AUDITED_DECL MultilinearMap.sumOfType_eq_of_diagonal_eq_of_card
AUDITED_DECL AlternatingAnalytic.normedExtensionNontriviallyNormedField
AUDITED_DECL Round24Transfer.Smap._proof_7
AUDITED_DECL AlternatingAnalytic.schauder_coord_proj
AUDITED_DECL _private.AlternatingAnalytic.Analysis.FactorialInvertible.0.ContinuousAlternatingMap.cpolynomialAt_const_smul
AUDITED_DECL AlternatingAnalytic.laurentLiftSeminormedAddCommGroup._proof_3
AUDITED_DECL AltFree.instAddCommGroup._proof_20
AUDITED_DECL AlternatingAnalytic.laurentExterior_not_hasEquivalentUltrametricNorm
AUDITED_DECL AlternatingAnalytic.algebraicLaurentCoefficient._proof_3
AUDITED_DECL AlternatingAnalytic.laurent_not_analyticAt
AUDITED_DECL AlternatingAnalytic.DiscreteRenormedTarget.instAddCommGroup._proof_5
AUDITED_DECL AlternatingAnalytic.denseMultilinearFamilyExtension
AUDITED_DECL Round24Transfer.hasFPowerSeriesAt_polySeries._proof_1_1
AUDITED_DECL ContinuousAlternatingMap.contDiff_compContinuousLinearMapCLM_of_factorial_ne_zero
AUDITED_DECL AlternatingAnalytic.baseChangeLiftDescent._proof_5
AUDITED_DECL AlternatingAnalytic.ratFuncEvaluation
AUDITED_DECL AlternatingAnalytic.LaurentField.instField._aux_70
AUDITED_DECL AlternatingAnalytic.completedBaseChangeNormedAddCommGroup._proof_33
AUDITED_DECL Round24Transfer.Γ._proof_4
AUDITED_DECL AlternatingAnalytic.exteriorFlattening_rank_le
AUDITED_DECL AlternatingAnalytic.laurentMonomialHom._proof_1
AUDITED_DECL AlternatingAnalytic.scalarExtensionMultilinear.match_1
AUDITED_DECL AlternatingAnalytic.polynomial_eval₂_injective
AUDITED_DECL AlternatingAnalytic.normalizedClusterLift
AUDITED_DECL ContinuousAlternatingMap.compAlternatizationCLM._proof_3
AUDITED_DECL AlternatingAnalytic.sortedAlternatingMap_apply
AUDITED_DECL AlternatingAnalytic.normalizedClusterLift_pol1
AUDITED_DECL AlternatingAnalytic.tensorModeSupportFamily_le_of_mem_range
AUDITED_DECL ContinuousAlternatingMap.compAlternatizationCLM._proof_23
AUDITED_DECL AlternatingAnalytic.sortedSchauderLiftNorm._proof_2
AUDITED_DECL AlternatingAnalytic.sortedFormulaLiftNorm._proof_6
AUDITED_DECL AlternatingAnalytic.exteriorSupportDim_basis_blocks
AUDITED_DECL AlternatingAnalytic.projectiveExteriorSeminorm_eq_zero_iff
AUDITED_DECL ContinuousAlternatingMap.compAlternatizationCLM._proof_16
AUDITED_DECL AlternatingAnalytic.LaurentField.instField._proof_5
AUDITED_DECL AlternatingAnalytic.completedBaseChangeNormedAddCommGroup._proof_23
AUDITED_DECL AlternatingAnalytic.denseScalarQTargetEquiv._proof_4
AUDITED_DECL AlternatingAnalytic.denseAlternatingExtension._proof_2
AUDITED_DECL AlternatingAnalytic.completedBaseChangeNormedAddCommGroup._proof_22
AUDITED_DECL AlternatingAnalytic.denseAlternatingExtension._proof_1
AUDITED_DECL AlternatingAnalytic.clusterCoefficient.eq_1
AUDITED_DECL AlternatingAnalytic.laurentBlockWedge._proof_5
AUDITED_DECL AlternatingAnalytic.det_staircaseMatrix_sub_constant
AUDITED_DECL MultilinearMap.sumOfType.eq_1
AUDITED_DECL AlternatingAnalytic.completedScalarContraction_apply_tensor
AUDITED_DECL AlternatingAnalytic.norm_denseMultilinearExtension_le
AUDITED_DECL AlternatingAnalytic.laurentResidueLift._proof_5
AUDITED_DECL AlternatingAnalytic.sortedAlternatingMap.eq_1
AUDITED_DECL Round24Transfer.Γ._proof_17
AUDITED_DECL AlternatingAnalytic.AllBanachPrecompositionAnalytic._proof_5
AUDITED_DECL AlternatingAnalytic.completedBaseChangeNormedAddCommGroup._aux_14
AUDITED_DECL OrderPattern.exists_infinite_order_homogeneous
AUDITED_DECL AlternatingAnalytic.norm_completedExteriorArray_le
AUDITED_DECL AlternatingAnalytic.norm_baseChangeLiftRestriction_apply_le
AUDITED_DECL AltFree.hat_eq_zero_of_mem_relSub
AUDITED_DECL AlternatingAnalytic.contractingRetractionLift._proof_5
AUDITED_DECL AlternatingAnalytic.boundedSequenceMultiplier._proof_3
AUDITED_DECL AlternatingAnalytic.isometry_algebraMap_completion
AUDITED_DECL AltFree.le_nn
AUDITED_DECL AlternatingAnalytic.clusterVectorWeight
AUDITED_DECL AltFree.toFin_sng
AUDITED_DECL AlternatingAnalytic.scalarExtensionLinear._proof_4
AUDITED_DECL AlternatingAnalytic.exists_continuous_extension_of_finiteDimensional
AUDITED_DECL AlternatingAnalytic.laurentLiftSeminormedAddCommGroup
AUDITED_DECL AlternatingAnalytic.exteriorSupportDim_smul
AUDITED_DECL AlternatingAnalytic.ProjectiveExterior.instModule._proof_7
AUDITED_DECL AlternatingAnalytic.exists_laurentWedgeCoefficient._proof_1_1
AUDITED_DECL AlternatingAnalytic.assignedClusterCoefficient
AUDITED_DECL PolarizationCounterexamples.ZeroMultiplierPw
AUDITED_DECL AlternatingAnalytic.sortedFormulaLiftNorm._proof_1
AUDITED_DECL VectorPolynomial.eval_scalarPolynomial
AUDITED_DECL AlternatingAnalytic.baseChangeFormRestriction._proof_12
AUDITED_DECL AlternatingAnalytic.LaurentField.instField._proof_40
AUDITED_DECL AlternatingAnalytic.le_norm_sum_laurentBlockWedge._proof_1_1
AUDITED_DECL AlternatingAnalytic.multiplierWedge._proof_3
AUDITED_DECL AlternatingAnalytic.projectiveExteriorArray.congr_simp
AUDITED_DECL AlternatingAnalytic.norm_scalarExtensionMultilinear_apply_le
AUDITED_DECL AlternatingAnalytic.tensorContractionFamily_coord
AUDITED_DECL PolarizationCounterexamples.firstPattern_type_zero
AUDITED_DECL AlternatingAnalytic.LaurentField.instField._aux_28
AUDITED_DECL Round24Transfer.Smap._proof_17
AUDITED_DECL AlternatingAnalytic.denseScalarQTargetEquiv._proof_9
AUDITED_DECL AlternatingAnalytic.scalarExtensionMultilinearZero._proof_1
AUDITED_DECL AlternatingAnalytic.norm_denseMultilinearFamilyExtension_le
AUDITED_DECL AlternatingAnalytic.laurentResidueLift_diagonal
AUDITED_DECL AlternatingAnalytic.norm_scalarExtensionLinear_le
AUDITED_DECL AlternatingAnalytic.matrix_rank_sub_le
AUDITED_DECL AlternatingAnalytic.ProjectiveExterior.instNormedSpace
AUDITED_DECL AlternatingAnalytic.LaurentField.instField._proof_17
AUDITED_DECL Round24Transfer.hasBoundedLift_of_prod_same_degree
AUDITED_DECL AlternatingAnalytic.completedLaurentCoefficient_constant_wedge
AUDITED_DECL AlternatingAnalytic.tensorContractionFamily._proof_4
AUDITED_DECL AlternatingAnalytic.ClusterPol1
AUDITED_DECL AlternatingAnalytic.baseChangeAlternatingForms._proof_3
AUDITED_DECL AlternatingAnalytic.projectiveExteriorSeminorm_eq_iInf_wedgeCost
AUDITED_DECL OrderPattern.exists_padded_finset._simp_1_6
AUDITED_DECL AlternatingAnalytic.denseScalarAlternatingEquiv_apply
AUDITED_DECL AlternatingAnalytic.exists_scalar_retraction_of_linearIsometry
AUDITED_DECL AlternatingAnalytic.clusterInput
AUDITED_DECL AlternatingAnalytic.StaircaseClusters.adjacent_swap_order_cases._proof_1_4
AUDITED_DECL AlternatingAnalytic.scalarExtensionLinearFamily._proof_4
AUDITED_DECL AlternatingAnalytic.norm_sum_laurentBlockWedge_le
AUDITED_DECL AlternatingAnalytic.baseChangeLiftRestriction._proof_20
AUDITED_DECL AlternatingAnalytic.DiscreteRenormedTarget.instModule._proof_5
AUDITED_DECL AlternatingAnalytic.contractingRetractionLift._proof_4
AUDITED_DECL AlternatingAnalytic.denseScalarLiftTransport._proof_8
AUDITED_DECL AlternatingAnalytic.baseChangeFormRestriction._proof_11
AUDITED_DECL AlternatingAnalytic.BoundedPrecompositionLiftCandidate._proof_5
AUDITED_DECL AlternatingAnalytic.baseChangeFactors
AUDITED_DECL AlternatingAnalytic.sortedAlternatingMap._proof_6
AUDITED_DECL AlternatingAnalytic.baseChangeLiftRestriction._proof_9
AUDITED_DECL AlternatingAnalytic.denseMultilinearFamilyExtension_unique
AUDITED_DECL Round24Transfer.Rmap
AUDITED_DECL AlternatingAnalytic.LaurentField.instField._proof_41
AUDITED_DECL AlternatingAnalytic.sum_cluster_pair_of_pattern
AUDITED_DECL AlternatingAnalytic.LaurentLiftCandidate
AUDITED_DECL AltFree.wt
AUDITED_DECL AlternatingAnalytic.ClusterMap
AUDITED_DECL AlternatingAnalytic.norm_laurentBlockWedge
AUDITED_DECL AlternatingAnalytic.norm_sortedAlternatingMap_le
AUDITED_DECL ContinuousMultilinearMap.alternatizationCLM._proof_1
AUDITED_DECL _private.AlternatingAnalytic.Algebra.TensorSupport.0.AlternatingAnalytic.exists_basis_adapted_to_submodule
AUDITED_DECL AlternatingAnalytic.exteriorSupportDim_consecutive_coordinate_blocks
AUDITED_DECL AlternatingAnalytic.baseChangeAlternatingForms._proof_12
AUDITED_DECL Round24Transfer.Smap._proof_6
AUDITED_DECL PolarizationCounterexamples.coordinateProduct_basis._simp_1_2
AUDITED_DECL AlternatingAnalytic.exteriorContraction._proof_1
AUDITED_DECL AlternatingAnalytic.norm_denseAlternatingExtension_le
AUDITED_DECL Round24Transfer.tfae_Q.match_1_5
AUDITED_DECL AlternatingAnalytic.clusterValue
AUDITED_DECL AlternatingAnalytic.mem_range_tensorModeSupport
AUDITED_DECL AlternatingAnalytic.laurentBlockWedge._proof_1
AUDITED_DECL AlternatingAnalytic.tensorContractionFamily._proof_1
AUDITED_DECL MasterExtension.step
AUDITED_DECL AlternatingAnalytic.alternating_of_baseChangeEmbedding
AUDITED_DECL AlternatingAnalytic.analyticAt_of_equivalentUltrametricNorm_discreteField_radius
AUDITED_DECL AlternatingAnalytic.sum_weighted_double_eq_zero
AUDITED_DECL Round24Transfer.Γ._proof_15
AUDITED_DECL Round24Transfer.lineCoeff_card._simp_1_1
AUDITED_DECL AlternatingAnalytic.sphericallyCompleteSpace_of_discreteDist._proof_1_2
AUDITED_DECL AlternatingAnalytic.liftSeminormedAddCommGroup._proof_8
AUDITED_DECL Round24Transfer.Γ._proof_8
AUDITED_DECL AlternatingAnalytic.algebraicLaurentCoefficient_array
AUDITED_DECL Round24Transfer.polySeries.eq_1
AUDITED_DECL AlternatingAnalytic.boundedFunctionCoordinates._proof_3
AUDITED_DECL AlternatingAnalytic.LaurentField.instField._aux_13
AUDITED_DECL AlternatingAnalytic.ratFuncEvaluation._proof_1
AUDITED_DECL AlternatingAnalytic.baseChangeOperatorsLinear._proof_1
AUDITED_DECL AlternatingAnalytic.ProjectiveExterior._proof_1
AUDITED_DECL AlternatingAnalytic.block_span_le_exterior_support
AUDITED_DECL AlternatingAnalytic.exists_coefficient_of_wedgeSum
AUDITED_DECL AlternatingAnalytic.completedExteriorWedge_norm_le
AUDITED_DECL AlternatingAnalytic.boundedSequenceMultiplier._proof_4
AUDITED_DECL AlternatingAnalytic.LaurentField.instIsUltrametricDist
AUDITED_DECL AlternatingAnalytic.baseChangeLiftDescent_diag
AUDITED_DECL AlternatingAnalytic.contractingRetractionLift._proof_7
AUDITED_DECL AlternatingAnalytic.DiscreteRenormedTarget.instAddCommGroup._proof_23
AUDITED_DECL Round24Transfer.hasBoundedLift_of_retract
AUDITED_DECL AlternatingAnalytic.operatorTensorEval._proof_2
AUDITED_DECL AlternatingAnalytic.exteriorBlockSum
AUDITED_DECL AlternatingAnalytic.discreteRound_le_mul
AUDITED_DECL AlternatingAnalytic.finiteField_homogeneous_eq_zero_sameUniverse
AUDITED_DECL AlternatingAnalytic.exteriorWedgeCost
AUDITED_DECL AlternatingAnalytic.baseChangeAlternatingForms._proof_14
AUDITED_DECL AlternatingAnalytic.completedScalarContraction._proof_2
AUDITED_DECL AlternatingAnalytic.laurentMonomialHom
AUDITED_DECL AlternatingAnalytic.tensorContractionFamily_tprod
AUDITED_DECL _private.AlternatingAnalytic.Analysis.LaurentResiduePolarization.0.AlternatingAnalytic.termK
AUDITED_DECL AlternatingAnalytic.HasLinearUnitSumGrowth.map
AUDITED_DECL _private.AlternatingAnalytic.Analysis.LaurentResidueLift.0.AlternatingAnalytic._aux_AlternatingAnalytic_Analysis_LaurentResidueLift___unexpand_AlternatingAnalytic_LaurentField_1
AUDITED_DECL Round24Transfer.jAmb._proof_13
AUDITED_DECL PolarizationCounterexamples.standardWedge_ne_zero
AUDITED_DECL Round24Transfer.not_analyticAt_of_equiv_index
AUDITED_DECL AlternatingAnalytic.exists_geometricWeight_max._proof_1_1
AUDITED_DECL AlternatingAnalytic.denseAlternatingExtension
AUDITED_DECL Round24Transfer.jAmb._proof_5
AUDITED_DECL AlternatingAnalytic.closure_range_comp_eq_range
AUDITED_DECL AlternatingAnalytic.baseChangeNormedSpace
AUDITED_DECL AlternatingAnalytic.ιMulti_mem_exteriorPowerSubmodule
AUDITED_DECL Round24Transfer.φ._proof_13
AUDITED_DECL Round24Transfer.Smap._proof_13
AUDITED_DECL AlternatingAnalytic.scalarExtensionAlternatingLinear._proof_2
AUDITED_DECL AlternatingAnalytic.baseChangeSeminorm_smul
AUDITED_DECL AlternatingAnalytic.completedBaseChangeEmbedding._proof_1
AUDITED_DECL AltFree.sng_mem_relSub
AUDITED_DECL AlternatingAnalytic.ProjectiveExterior._proof_2
AUDITED_DECL AlternatingAnalytic.scalarExtensionMultilinearStep._proof_31
AUDITED_DECL AlternatingAnalytic.completedLaurentCoefficient.congr_simp
AUDITED_DECL sphericallyCompleteSpace_continuousAlternatingMap
AUDITED_DECL AlternatingAnalytic.finiteField_multiplier_obstruction._proof_1_2
AUDITED_DECL _private.AlternatingAnalytic.Analysis.Homogeneous.0.AlternatingAnalytic.monomialSeries.eq_1
AUDITED_DECL AlternatingAnalytic.StaircaseClusters.blockRank_right_lt_left_iff
AUDITED_DECL AlternatingAnalytic.boundedSequenceMultiplier._proof_1
AUDITED_DECL AlternatingAnalytic.exists_sameUniverse_laurentField_normedAlgebra
AUDITED_DECL ContinuousMultilinearMap.alternatizationCLM._proof_2
AUDITED_DECL AlternatingAnalytic.StaircaseClusters.blockRank_lt_of_order
AUDITED_DECL AlternatingAnalytic.laurentResidueFixedVectors._proof_2
AUDITED_DECL AlternatingAnalytic.completedBaseChangeNormedAddCommGroup._proof_13
AUDITED_DECL AltFree.instAddCommGroup._proof_23
AUDITED_DECL AlternatingAnalytic.sortedSchauderLiftNorm._proof_3
AUDITED_DECL AlternatingAnalytic.denseLinearExtension._proof_1
AUDITED_DECL AlternatingAnalytic.coordinateExteriorArray_ιMulti
AUDITED_DECL AlternatingAnalytic.exists_nowhereAnalytic_banach_counterexample
AUDITED_DECL AlternatingAnalytic.schauderSpanBasis_bound._simp_1_1
AUDITED_DECL AlternatingAnalytic.contractingRetractionLiftNorm._proof_8
AUDITED_DECL AlternatingAnalytic.le_roundedSeminorm
AUDITED_DECL AlternatingAnalytic.scalarExtensionMultilinear
AUDITED_DECL PolarizationCounterexamples.finiteCounterexample
AUDITED_DECL AlternatingAnalytic.ProjectiveExterior.instNormedSpace._proof_3
AUDITED_DECL AlternatingAnalytic.normalizedClusterLift_apply
AUDITED_DECL AlternatingAnalytic.not_analyticAt_of_completion_noLift
AUDITED_DECL AlternatingAnalytic.baseChangeOperatorAlgebraic.eq_1
AUDITED_DECL AlternatingAnalytic.LaurentField.instField._proof_69
AUDITED_DECL AlternatingAnalytic.sortedSchauderLiftNorm
AUDITED_DECL AlternatingAnalytic.baseChangeLiftRestriction._proof_7
AUDITED_DECL AlternatingAnalytic.restrictClusterMap_apply
AUDITED_DECL AlternatingAnalytic.denseMultilinearExtensionFinite_apply
AUDITED_DECL AlternatingAnalytic.scalarExtensionMultilinearStep._proof_8
AUDITED_DECL Round24Transfer.Smap._proof_4
AUDITED_DECL AlternatingAnalytic.exteriorSupportDim_properties
AUDITED_DECL ContinuousAlternatingMap.cpolynomialAt_compContinuousLinearMapCLM_of_sphericallyComplete
AUDITED_DECL AlternatingAnalytic.norm_lift_apply_le
AUDITED_DECL AlternatingAnalytic.scalarExtensionMultilinearStep._proof_18
AUDITED_DECL AlternatingAnalytic.mem_range_tensorModeSupportFamily
AUDITED_DECL PolarizationCounterexamples.standardWedge
AUDITED_DECL AlternatingAnalytic.contractingRetractionLiftNorm._proof_2
AUDITED_DECL AlternatingAnalytic.ClusterVectorAntisymmetric
AUDITED_DECL AlternatingAnalytic.scalarExtensionMultilinearStep._proof_29
AUDITED_DECL AlternatingAnalytic.scalarExtensionAlternating.congr_simp
AUDITED_DECL Round24Transfer.φ._proof_3
AUDITED_DECL AlternatingAnalytic.exteriorContraction_mem_support
AUDITED_DECL AlternatingAnalytic.ProjectiveExterior.instModule._proof_5
AUDITED_DECL AlternatingAnalytic.baseChangeOperatorContinuous
AUDITED_DECL AlternatingAnalytic.tensorContractionFamily.eq_1
AUDITED_DECL AlternatingAnalytic.laurentLiftFixedVectors._proof_4
AUDITED_DECL AlternatingAnalytic.operatorTensorEval
AUDITED_DECL AlternatingAnalytic.sphericallyCompleteSpace_of_discreteDist
AUDITED_DECL AlternatingAnalytic.exteriorWedgeSum_absorb
AUDITED_DECL AltFree.hat.eq_1
AUDITED_DECL AlternatingAnalytic.scalarExtensionMultilinear._f
AUDITED_DECL AlternatingAnalytic.baseChangeFormRestriction._proof_6
AUDITED_DECL AlternatingAnalytic.LaurentField.instField._aux_61
AUDITED_DECL AlternatingAnalytic.scalarExtensionMultilinearStep_apply
AUDITED_DECL AltFree.hat_norm_le
AUDITED_DECL AlternatingAnalytic.exists_laurentWedgeCoefficient
AUDITED_DECL ContinuousAlternatingMap.compAlternatizationCLM._proof_11
AUDITED_DECL AlternatingAnalytic.scalarExtensionMultilinearStep._proof_14
AUDITED_DECL AlternatingAnalytic.not_hasBoundedLift_of_denseScalars
AUDITED_DECL Round24Transfer.φ._proof_2
AUDITED_DECL AlternatingAnalytic.sortedFormulaLiftNorm._proof_4
AUDITED_DECL AlternatingAnalytic.StaircaseClusters.blockRank_lt_of_order._proof_1_3
AUDITED_DECL AlternatingAnalytic.boundedLaurentCoeff_sub
AUDITED_DECL AlternatingAnalytic.denseScalarLiftTransport._proof_3
AUDITED_DECL AlternatingAnalytic.analyticAt_of_orthogonalSchauderBasis_fintype
AUDITED_DECL AlternatingAnalytic.tensorContractionFamily
AUDITED_DECL PolarizationCounterexamples.coordinateProduct_sumOfType
AUDITED_DECL AlternatingAnalytic.scalarExtensionLinearFamilyContinuous._proof_2
AUDITED_DECL AlternatingAnalytic.coordinateExteriorArray.eq_1
AUDITED_DECL AlternatingAnalytic.sortedFormulaLiftNorm._proof_2
AUDITED_DECL AlternatingAnalytic.contractingRetractionLift._proof_2
AUDITED_DECL AlternatingAnalytic.DiscreteRenormedTarget.instAddCommGroup._aux_12
AUDITED_DECL AlternatingAnalytic.laurentBoundedFunctionModule._proof_3
AUDITED_DECL AlternatingAnalytic.cluster_multiplier_det_eq._simp_1_1
AUDITED_DECL AlternatingAnalytic.sortedSchauderRetraction._proof_3
AUDITED_DECL AlternatingAnalytic.scalarExtensionLinear
AUDITED_DECL AlternatingAnalytic.denseScalarQTargetEquiv._proof_6
AUDITED_DECL AlternatingAnalytic.scalarExtensionMultilinearStep._proof_28
AUDITED_DECL AlternatingAnalytic.boundedExteriorArray_injective
AUDITED_DECL AlternatingAnalytic.laurentLiftFixedVectors._proof_10
AUDITED_DECL AlternatingAnalytic.schauderSpanBasis_bound
AUDITED_DECL Round24Transfer.Rmap._proof_1
AUDITED_DECL AltFree.nn_smul
AUDITED_DECL AlternatingAnalytic.denseAlternatingExtension._proof_3
AUDITED_DECL AlternatingAnalytic.projectiveExteriorArray_norm_le
AUDITED_DECL AlternatingAnalytic.laurentBlockWedge._proof_2
AUDITED_DECL Round24Transfer.contDiff_omega_iff_hasBoundedLift._proof_1_1
AUDITED_DECL PolarizationCounterexamples.firstPattern
AUDITED_DECL AlternatingAnalytic.baseChangeAlternatingForms._proof_9
AUDITED_DECL AlternatingAnalytic.norm_laurentMonomial
AUDITED_DECL AlternatingAnalytic.scalarExtensionLinearFamily._abel_2
AUDITED_DECL AlternatingAnalytic.completedScalarContraction.congr_simp
AUDITED_DECL AlternatingAnalytic.contractingRetractionLift_diag
AUDITED_DECL AlternatingAnalytic.StaircaseClusters.blockRank
AUDITED_DECL AlternatingAnalytic.prod_radius_zpow
AUDITED_DECL AlternatingAnalytic.projectiveExteriorSeminormFun_add_le
AUDITED_DECL AlternatingAnalytic.baseChangeSeminormL._proof_2
AUDITED_DECL AlternatingAnalytic.continuousLinearMapCongrIsometry._proof_6
AUDITED_DECL AlternatingAnalytic.norm_denseMultilinearExtensionFinite_le
AUDITED_DECL PolarizationCounterexamples.secondPattern_product
AUDITED_DECL AlternatingAnalytic.boundedFunctionCoordinates._proof_4
AUDITED_DECL MultilinearMap.sumOfType_unit
AUDITED_DECL AlternatingAnalytic.projectiveExteriorArray_apply
AUDITED_DECL AlternatingAnalytic.denseRange_baseChangeToCompletionK
AUDITED_DECL AlternatingAnalytic.sphericallyCompleteSpace_of_discreteDist_radius
AUDITED_DECL Round24Transfer.not_hasBoundedLift_of_le
AUDITED_DECL AlternatingAnalytic.cpolynomialAt_of_equivalentUltrametricNorm_discreteField_radius
AUDITED_DECL AlternatingAnalytic.laurentPolynomialMap_single
AUDITED_DECL SphericallyCompleteSpace.mk._flat_ctor
AUDITED_DECL AlternatingAnalytic.tendsto_schauder_weighted_coord
AUDITED_DECL AlternatingAnalytic.exteriorCoefficient_block_growth._proof_1_1
AUDITED_DECL VectorPolynomial.coeff_eq_zero_of_eval_eq_zero
AUDITED_DECL AlternatingAnalytic.denseScalarQTargetEquiv._proof_3
AUDITED_DECL AlternatingAnalytic.boundedLaurentCoeffAddHom
AUDITED_DECL AlternatingAnalytic.restrict_denseScalarLinearExtension
AUDITED_DECL AlternatingAnalytic.sum_weighted_double_eq_zero._simp_1_1
AUDITED_DECL AlternatingAnalytic.scalarExtensionLinear._proof_2
AUDITED_DECL AlternatingAnalytic.denseScalarLinearEquiv._proof_1
AUDITED_DECL Round24Transfer.φ._proof_1
AUDITED_DECL AlternatingAnalytic.LaurentField.instField._aux_34
AUDITED_DECL AlternatingAnalytic.DiscreteRenormedTarget.instModule._proof_8
AUDITED_DECL AlternatingAnalytic.finiteField_homogeneous_eq_zero_sameUniverse._proof_1_2
AUDITED_DECL AlternatingAnalytic.LaurentField.instField._aux_43
AUDITED_DECL AlternatingAnalytic.laurentLiftFixedVectors._proof_5
AUDITED_DECL AlternatingAnalytic.laurentExterior_hasLinearUnitSumGrowth
AUDITED_DECL PolarizationCounterexamples.ExteriorForm
AUDITED_DECL Round24Transfer.Q._proof_2
AUDITED_DECL AlternatingAnalytic.polynomialToLaurentField_eq_eval₂
AUDITED_DECL AltFree.instAddCommGroup._proof_22
AUDITED_DECL AltFree.instAddCommGroup._proof_6
AUDITED_DECL AlternatingAnalytic.laurent_valuation_eq_order._proof_1_1
AUDITED_DECL AltFree.hat._proof_1
AUDITED_DECL AlternatingAnalytic.LaurentField.instField._proof_22
AUDITED_DECL AlternatingAnalytic.boundedLaurent_isUltrametricDist
AUDITED_DECL AlternatingAnalytic.laurentLiftSeminormedAddCommGroup._proof_4
AUDITED_DECL AlternatingAnalytic.exteriorContraction.eq_1
AUDITED_DECL _private.AlternatingAnalytic.Analysis.LaurentResidueLift.0.AlternatingAnalytic._aux_AlternatingAnalytic_Analysis_LaurentResidueLift___macroRules__private_AlternatingAnalytic_Analysis_LaurentResidueLift_0_AlternatingAnalytic_termK_1
AUDITED_DECL AlternatingAnalytic.denseScalarMultilinearEquiv_symm_apply
AUDITED_DECL AlternatingAnalytic.determinantArray_units_smul
AUDITED_DECL AlternatingAnalytic.baseChangeSeminorm_apply
AUDITED_DECL AlternatingAnalytic.baseChangeOperatorsLinear._proof_3
AUDITED_DECL AlternatingAnalytic.algebraicLaurentCoefficient_wedge_support_le
AUDITED_DECL AlternatingAnalytic.laurentDeterminantForm_constant
AUDITED_DECL AlternatingAnalytic.laurentDeterminantForm_apply
AUDITED_DECL AlternatingAnalytic.baseChangeFormRestriction._proof_9
AUDITED_DECL AlternatingAnalytic.DiscreteRenormedTarget.instAddCommGroup
AUDITED_DECL AlternatingAnalytic.assignmentPosition_update_pattern._proof_1_3
AUDITED_DECL AlternatingAnalytic.sortedBasisRetraction_retract
AUDITED_DECL AlternatingAnalytic.StaircaseClusters.family_input_ternary
AUDITED_DECL AlternatingAnalytic.HasEmptyDescendingBallSequence.not_sphericallyComplete
AUDITED_DECL AlternatingAnalytic.denseFamilyProductIsometry_apply
AUDITED_DECL AlternatingAnalytic.AllBanachPrecompositionAnalytic._proof_2
AUDITED_DECL AlternatingAnalytic.scalarContraction_tmul
AUDITED_DECL AlternatingAnalytic.DiscreteRenormedTarget.instAddCommGroup._proof_6
AUDITED_DECL AlternatingAnalytic.assignedClusterValue_expansion
AUDITED_DECL AlternatingAnalytic.liftSpaceNorm._proof_1
AUDITED_DECL AlternatingAnalytic.constantLaurentArray._proof_2
AUDITED_DECL AlternatingAnalytic.laurentLiftFixedVectors._proof_6
AUDITED_DECL AlternatingAnalytic.LaurentField.instField._aux_52
AUDITED_DECL VectorPolynomial.eq_zero_of_eval_eq_zero
AUDITED_DECL AlternatingAnalytic.cluster_weight_identities
AUDITED_DECL AlternatingAnalytic.det_updateRow_one_eq
AUDITED_DECL AlternatingAnalytic.mem_sortedFiniteSubsets._simp_1_2
AUDITED_DECL AlternatingAnalytic.exteriorDecompositionValue._proof_3
AUDITED_DECL AlternatingAnalytic.StaircaseClusters.selected_order
AUDITED_DECL AlternatingAnalytic.norm_polynomialToLaurentField_X
AUDITED_DECL AltFree.instAddCommGroup._aux_16
AUDITED_DECL AlternatingAnalytic.separated_blocks_order_pattern
AUDITED_DECL AlternatingAnalytic.multilinear_zero_of_dense_span_on._simp_1_1
AUDITED_DECL Round24Transfer.reindexCLM._proof_2
AUDITED_DECL AlternatingAnalytic.LaurentField.instField._proof_12
AUDITED_DECL ContinuousAlternatingMap.analyticOnNhd_compContinuousLinearMapCLM
AUDITED_DECL AlternatingAnalytic.laurentResidueLift_pol
AUDITED_DECL AlternatingAnalytic.baseChangeNormedSpaceRestrictScalars
AUDITED_DECL AlternatingAnalytic.scalarExtensionLinearFamily._proof_2
AUDITED_DECL Round24Transfer.HasBoundedLift
AUDITED_DECL AlternatingAnalytic.completedBaseChangeOperator_embedding
AUDITED_DECL AlternatingAnalytic.sortedAlternatingMap._proof_4
AUDITED_DECL AlternatingAnalytic.hasBoundedLift_of_equivalentUltrametricNorm_discreteField
AUDITED_DECL _private.AlternatingAnalytic.Analysis.Homogeneous.0.AlternatingAnalytic.monomialSeries._proof_2
AUDITED_DECL AlternatingAnalytic.laurentLiftSeminormedAddCommGroup._proof_14
AUDITED_DECL AlternatingAnalytic.laurentBoundedFunctionModule
AUDITED_DECL AlternatingAnalytic.denseMultilinearExtension
AUDITED_DECL AlternatingAnalytic.completedBaseChangeNormedAddCommGroup._proof_49
AUDITED_DECL PolarizationCounterexamples.scalarExteriorLift_apply
AUDITED_DECL AlternatingAnalytic.StaircaseClusters.blockRank_injective._proof_1_3
AUDITED_DECL AlternatingAnalytic.denseScalarMultilinearExtension_apply
AUDITED_DECL AlternatingAnalytic.DiscreteRenormedTarget.instAddCommGroup._aux_14
AUDITED_DECL AlternatingAnalytic.denseMultilinearExtensionFinite._proof_7
AUDITED_DECL AlternatingAnalytic.AllBanachPrecompositionAnalytic._proof_6
AUDITED_DECL Polarization.selectionMultiIndex.eq_1
AUDITED_DECL AlternatingAnalytic.norm_sortedSchauderRetraction_le
AUDITED_DECL OrderPattern.orderIsoOfFin_symm_val
AUDITED_DECL Round24Transfer.reindexAlt_apply
AUDITED_DECL AlternatingAnalytic.multiplierWedge_apply
AUDITED_DECL AlternatingAnalytic.algebraicLaurentCoefficientArray._proof_2
AUDITED_DECL AlternatingAnalytic.LaurentField.instField._proof_19
AUDITED_DECL AlternatingAnalytic.scalarExtensionMultilinearStep._proof_3
AUDITED_DECL AlternatingAnalytic.completedBaseChangeNormedAddCommGroup._aux_18
AUDITED_DECL AlternatingAnalytic.boundedExteriorArray._proof_5
AUDITED_DECL Round24Transfer.φ._proof_5
AUDITED_DECL OrderPattern.exists_padded_finset._simp_1_3
AUDITED_DECL MasterExtension.radius_nonneg
AUDITED_DECL AlternatingAnalytic.exteriorSupportDim_sum_wedges_le
AUDITED_DECL Round24Transfer.φ._proof_10
AUDITED_DECL AlternatingAnalytic.completedLaurentCoefficient_coe
AUDITED_DECL AlternatingAnalytic.sortedAlternatingMap._proof_1
AUDITED_DECL AlternatingAnalytic.completedLaurentCoefficient_array
AUDITED_DECL AlternatingAnalytic.norm_denseMultilinearFamilyExtension
AUDITED_DECL AlternatingAnalytic.baseChangeFactors.match_1
AUDITED_DECL AlternatingAnalytic.ProjectiveExterior.instNormedAddCommGroup
AUDITED_DECL Round24Transfer.ambLift._proof_3
AUDITED_DECL Equiv.funSplitAt.eq_1
AUDITED_DECL PolarizationCounterexamples.coordinateProduct
AUDITED_DECL PolarizationCounterexamples.secondPattern
AUDITED_DECL Round24Transfer.ambLift._proof_4
AUDITED_DECL AlternatingAnalytic.baseChangeLiftDescent._proof_8
AUDITED_DECL AlternatingAnalytic.laurent_norm_eq
AUDITED_DECL AlternatingAnalytic.norm_denseScalarAlternatingExtension
AUDITED_DECL Round24Transfer.Smap._proof_14
AUDITED_DECL Round24Transfer.reindexCLM
AUDITED_DECL AltFree.nn.eq_1
AUDITED_DECL AlternatingAnalytic.mem_sortedFiniteSubsets._simp_1
AUDITED_DECL AlternatingAnalytic.denseScalarLinearEquiv_apply
AUDITED_DECL AlternatingAnalytic.tendsto_fin_product_cofinite_zero
AUDITED_DECL AlternatingAnalytic.completedExteriorArray._proof_2
AUDITED_DECL Round24Transfer.hasBoundedLift_reindex
AUDITED_DECL AlternatingAnalytic.laurentResidueLift_full_properties
AUDITED_DECL AlternatingAnalytic.LaurentField.instField._aux_36
AUDITED_DECL AlternatingAnalytic.LaurentField.instField._proof_42
AUDITED_DECL AlternatingAnalytic.finiteLaurentTruncation._proof_3
AUDITED_DECL AlternatingAnalytic.algebraicLaurentCoefficientArray_wedge
AUDITED_DECL AlternatingAnalytic.boundedSequenceMultiplier._proof_2
AUDITED_DECL AlternatingAnalytic.baseChangeOperators
AUDITED_DECL AlternatingAnalytic.sortedSchauderLift_eq_tsum
AUDITED_DECL Round24Transfer.jAmb._proof_3
AUDITED_DECL AlternatingAnalytic.laurentLiftSeminormedAddCommGroup._proof_9
AUDITED_DECL AlternatingAnalytic.denseFamilyProductIsometry._proof_1
AUDITED_DECL Round24Transfer.Smap._proof_3
AUDITED_DECL AlternatingAnalytic.denseLinearExtension._proof_4
AUDITED_DECL AlternatingAnalytic.roundedSeminorm._proof_1
AUDITED_DECL AlternatingAnalytic.laurentResidueLift_properties
AUDITED_DECL MultilinearMap.map_diagonal_sum._simp_1_1
AUDITED_DECL AlternatingAnalytic.laurentRankOne._proof_5
AUDITED_DECL Round24Transfer.Rmap._proof_2
AUDITED_DECL AlternatingAnalytic.scalarExtensionMultilinearStep._proof_19
AUDITED_DECL AlternatingAnalytic.baseChangeLiftRestriction._proof_25
AUDITED_DECL AlternatingAnalytic.scalarExtensionTensorContinuous
AUDITED_DECL AlternatingAnalytic.determinantArraySubmodule_perm
AUDITED_DECL AlternatingAnalytic.norm_denseScalarLinearExtension
AUDITED_DECL AlternatingAnalytic.baseChangeEmbedding_apply
AUDITED_DECL AlternatingAnalytic.laurentLiftSeminormedAddCommGroup._proof_12
AUDITED_DECL ContinuousAlternatingMap.compAlternatizationCLM._proof_2
AUDITED_DECL AlternatingAnalytic.LaurentField.coeff_apply
AUDITED_DECL AlternatingAnalytic.DiscreteRenormedTarget.instAddCommGroup._proof_11
AUDITED_DECL AlternatingAnalytic.assignmentTag.eq_1
AUDITED_DECL AlternatingAnalytic.exteriorLastContraction_mem_support
AUDITED_DECL AlternatingAnalytic.sum_cluster_pair_of_pattern._proof_1_3
AUDITED_DECL AlternatingAnalytic.exteriorContractionSpan_le
AUDITED_DECL Round24Transfer.HasBoundedLift._proof_1
AUDITED_DECL Round24Transfer.φ._proof_9
AUDITED_DECL ContinuousMultilinearMap.alternatizationCLM._proof_5
AUDITED_DECL AlternatingAnalytic.operatorTensorEval._proof_7
AUDITED_DECL AlternatingAnalytic.scalarContractionContinuous_apply
AUDITED_DECL AlternatingAnalytic.LaurentField.instField._aux_3
AUDITED_DECL AlternatingAnalytic.completedBaseChangeCompleteSpace._proof_1
AUDITED_DECL Round24Transfer.jAmb._proof_2
AUDITED_DECL AlternatingAnalytic.baseChangeNormedSpace._proof_1
AUDITED_DECL AlternatingAnalytic.laurent_not_hasBoundedLift_of_factorial
AUDITED_DECL AlternatingAnalytic.StaircaseClusters.selection.eq_1
AUDITED_DECL AlternatingAnalytic.contractingRetractionLift._proof_8
AUDITED_DECL AlternatingAnalytic.liftSeminormedAddCommGroup._proof_6
AUDITED_DECL AlternatingAnalytic.scalarExtensionMultilinearStep._proof_25
AUDITED_DECL AlternatingAnalytic.laurentLiftAlternating
AUDITED_DECL AlternatingAnalytic.denseScalarLinearEquiv
AUDITED_DECL AlternatingAnalytic.baseChangeFormRestriction._proof_10
AUDITED_DECL AlternatingAnalytic.exteriorPowerSubmodule_mono
AUDITED_DECL Round24Transfer.not_analyticAt_of_le.match_1_1
AUDITED_DECL AlternatingAnalytic.determinantArray.eq_1
AUDITED_DECL AlternatingAnalytic.finiteLaurentWedgeCoefficient_support_norm_le
AUDITED_DECL AltFree.instModule._proof_6
AUDITED_DECL R24.single_comp_perm
AUDITED_DECL AlternatingAnalytic.hasSum_sortedBasisTerm
AUDITED_DECL AlternatingAnalytic.tendsto_sorted_weighted_product
AUDITED_DECL AlternatingAnalytic.norm_completedScalarContraction_le
AUDITED_DECL PolarizationCounterexamples.zero_multiplier_wedge
AUDITED_DECL AlternatingAnalytic.baseChangeLiftDescent._proof_6
AUDITED_DECL AlternatingAnalytic.tupleWithSlot
AUDITED_DECL AlternatingAnalytic.tensorContractionFamily._proof_3
AUDITED_DECL AlternatingAnalytic.restrictClusterMap._proof_2
AUDITED_DECL AlternatingAnalytic.tensorModeSupportFamily
AUDITED_DECL AlternatingAnalytic.exteriorDecompositionCost.eq_1
AUDITED_DECL AlternatingAnalytic.multilinear_zero_of_dense_span
AUDITED_DECL AlternatingAnalytic.sorted_coefficient_proj
AUDITED_DECL AlternatingAnalytic.normalizedMultiplierLift_apply
AUDITED_DECL AlternatingAnalytic.baseChangeLiftRestriction._proof_16
AUDITED_DECL AlternatingAnalytic.scalarExtensionMultilinearStep._proof_13
AUDITED_DECL AlternatingAnalytic.determinantArraySubmodule_injective
AUDITED_DECL AlternatingAnalytic.baseChangeLiftRestriction._proof_15
AUDITED_DECL AlternatingAnalytic.baseChangeFormRestriction._proof_2
AUDITED_DECL AlternatingAnalytic.laurentResiduePost._proof_2
AUDITED_DECL LinearIsometry.single.eq_1
AUDITED_DECL AlternatingAnalytic.assignedClusterCoefficient.eq_1
AUDITED_DECL AlternatingAnalytic.denseMultilinearExtension.congr_simp
AUDITED_DECL AlternatingAnalytic.sortedSchauderRetraction._proof_5
AUDITED_DECL Round24Transfer.Γ._proof_6
AUDITED_DECL AlternatingAnalytic.permutation_value_eq_of_adjacent
AUDITED_DECL AlternatingAnalytic.LaurentField.instField._proof_39
AUDITED_DECL AlternatingAnalytic.completedLaurentCoefficientArray._proof_1
AUDITED_DECL AlternatingAnalytic.cluster_separated_of_intervals._proof_1_2
AUDITED_DECL Round24Transfer.Smap.eq_1
AUDITED_DECL AlternatingAnalytic.StaircaseClusters.blockRank_left_lt_right_iff._simp_1_2
AUDITED_DECL ContinuousAlternatingMap.compAlternatizationCLM._proof_15
AUDITED_DECL AlternatingAnalytic.completedBaseChangeNormedAddCommGroup._proof_38
AUDITED_DECL AlternatingAnalytic.determinantArray
AUDITED_DECL AlternatingAnalytic.norm_completedScalarContraction_apply_le
AUDITED_DECL AlternatingAnalytic.completedBaseChangeNormedAddCommGroup._aux_31
AUDITED_DECL AlternatingAnalytic.baseChangeIsScalarTower
AUDITED_DECL AlternatingAnalytic.ProjectiveExterior.instNormedAddCommGroup._proof_3
AUDITED_DECL AltFree.wt.eq_1
AUDITED_DECL AlternatingAnalytic.baseChangeAlternatingForms._proof_11
AUDITED_DECL AlternatingAnalytic.hasEmptyDescendingBallSequence_of_not_sphericallyComplete._simp_1_1
AUDITED_DECL MultilinearMap.diagonalCoefficients
AUDITED_DECL AlternatingAnalytic.HasEmptyDescendingBallSequence
AUDITED_DECL AlternatingAnalytic.ProjectiveExterior
AUDITED_DECL AlternatingAnalytic.baseChangeOperatorsLinear._proof_2
AUDITED_DECL AlternatingAnalytic.constantLaurentArray_smul_const
AUDITED_DECL AlternatingAnalytic.denseScalarLiftTransport_diagonal
AUDITED_DECL AlternatingAnalytic.contractingRetractionLift._proof_9
AUDITED_DECL AlternatingAnalytic.LaurentField.instField._aux_1
AUDITED_DECL PolarizationCounterexamples.selectionType_eq_sum
AUDITED_DECL AlternatingAnalytic.LaurentField.instField._proof_27
AUDITED_DECL AlternatingAnalytic.exists_strictMono_in_infinite_set
AUDITED_DECL AlternatingAnalytic.denseLinearExtension._proof_6
AUDITED_DECL AlternatingAnalytic.StaircaseClusters.blockRank_injective._proof_1_2
AUDITED_DECL AlternatingAnalytic.baseChangeFormRestriction._proof_8
AUDITED_DECL AlternatingAnalytic.completedBaseChangeNormedAddCommGroup._aux_26
AUDITED_DECL AltFree.instAddCommGroup._aux_3
AUDITED_DECL AlternatingAnalytic.staircaseMatrix_size_le_rank_add_one
AUDITED_DECL Round24Transfer.ambLift._proof_5
AUDITED_DECL AlternatingAnalytic.cluster_staircase_of_families
AUDITED_DECL AlternatingAnalytic.baseChangeLiftRestriction._proof_23
AUDITED_DECL AlternatingAnalytic.laurentLiftNorm
AUDITED_DECL PolarizationCounterexamples.ExteriorLift
AUDITED_DECL R24.no_adjacent_symmetric_diagonal_lift
AUDITED_DECL AlternatingAnalytic.ProjectiveExterior.instModule._aux_1
AUDITED_DECL AlternatingAnalytic.baseChangeLiftRestriction._proof_24
AUDITED_DECL AlternatingAnalytic.evaluateBoundedPrecompositionLift._proof_2
AUDITED_DECL AlternatingAnalytic.sum_sortedBasisTerm_eq_projection
AUDITED_DECL AlternatingAnalytic.laurentRankOne
AUDITED_DECL AlternatingAnalytic.scalarExtensionMultilinearStep._proof_5
AUDITED_DECL AlternatingAnalytic.assignmentPosition.eq_1
AUDITED_DECL AlternatingAnalytic.sortedBasisTerm
AUDITED_DECL AlternatingAnalytic.finsupp_eq_single_of_degree_eq._proof_1_1
AUDITED_DECL AlternatingAnalytic.denseScalarLinearEquiv._proof_4
AUDITED_DECL AlternatingAnalytic.sortedAlternatingMap._proof_8
AUDITED_DECL AlternatingAnalytic.exteriorContractionSpan
AUDITED_DECL ContinuousAlternatingMap.compAlternatizationCLM._proof_7
AUDITED_DECL AlternatingAnalytic.hasBoundedLift_completion_of_base
AUDITED_DECL Polarization.sum_full_range_eq_sum_perm._simp_1_1
AUDITED_DECL AlternatingAnalytic.clusterCoefficientTuple.eq_1
AUDITED_DECL Round24Transfer.Γ._proof_3
AUDITED_DECL AlternatingAnalytic.denseScalarLinearEquiv_symm_apply
AUDITED_DECL AlternatingAnalytic.baseChangeLiftRestriction._proof_14
AUDITED_DECL AlternatingAnalytic.sortedBasisRetraction._proof_3
AUDITED_DECL AlternatingAnalytic.sortedSchauderLiftNorm._proof_4
AUDITED_DECL ContinuousAlternatingMap.compAlternatizationCLM._proof_1
AUDITED_DECL MasterExtension.centre_dist_aux
AUDITED_DECL Round24Transfer.polySeries._proof_1
AUDITED_DECL AlternatingAnalytic.laurentLiftFixedVectors._proof_7
AUDITED_DECL AlternatingAnalytic.exteriorEvaluationArray_eq_zero_of_eq
AUDITED_DECL AlternatingAnalytic.sortedFiniteSubsets.eq_1
AUDITED_DECL AlternatingAnalytic.restrict_denseScalarMultilinearExtension
AUDITED_DECL AlternatingAnalytic.baseChangeSeminorm_eq_zero_iff
AUDITED_DECL AlternatingAnalytic.liftSeminormedAddCommGroup._proof_1
AUDITED_DECL AlternatingAnalytic.tendsto_sortedFiniteSubsets
AUDITED_DECL AlternatingAnalytic.exists_scalar_projection
AUDITED_DECL AlternatingAnalytic.norm_constantLaurentArray_le_one
AUDITED_DECL Round24Transfer.tfae_Q
AUDITED_DECL AlternatingAnalytic.exteriorSupportDim_blockSum
AUDITED_DECL AlternatingAnalytic.baseChangeAlternatingForms._proof_4
AUDITED_DECL AlternatingAnalytic.algebraicLaurentCoefficientArray
AUDITED_DECL AlternatingAnalytic.LaurentField.instField._proof_68
AUDITED_DECL AlternatingAnalytic.sortedBasisRetraction._proof_2
AUDITED_DECL AlternatingAnalytic.boundedLaurentCoeff_smul_const
AUDITED_DECL MultilinearMap.map_diagonal_sum
AUDITED_DECL AlternatingAnalytic.sortedSchauderRetraction_basis
AUDITED_DECL AlternatingAnalytic.norm_finiteLaurentTruncation_le
AUDITED_DECL AlternatingAnalytic.baseChangeFormRestriction._proof_14
AUDITED_DECL AlternatingAnalytic.tensorModeSupportFamily_def
AUDITED_DECL MultilinearMap.eval_diagonalCoefficients
AUDITED_DECL AlternatingAnalytic.scalarExtensionMultilinearStep._proof_6
AUDITED_DECL AlternatingAnalytic.completedBaseChangeNormedSpace._proof_7
AUDITED_DECL AlternatingAnalytic.StaircaseClusters.block_lt_of_rank._proof_1_1
AUDITED_DECL AlternatingAnalytic.contractingRetractionLiftNorm
AUDITED_DECL AlternatingAnalytic.scalarExtensionMultilinear._sunfold
AUDITED_DECL ContinuousAlternatingMap.contDiff_compContinuousLinearMapCLM_of_invertible
AUDITED_DECL AlternatingAnalytic.baseChangeAlternatingForms._proof_15
AUDITED_DECL AlternatingAnalytic.scalarExtensionMultilinearZero._proof_2
AUDITED_DECL AlternatingAnalytic.baseChangeOperatorsLinear._proof_4
AUDITED_DECL AlternatingAnalytic.sortedFormulaLiftNorm
AUDITED_DECL AlternatingAnalytic.tensorModeSupportFamily_le_of_mem_range._simp_1_1
AUDITED_DECL AlternatingAnalytic.baseChangeFormRestriction._proof_4
AUDITED_DECL AlternatingAnalytic.laurentLiftSeminormedAddCommGroup._proof_10
AUDITED_DECL AlternatingAnalytic.ProjectiveExteriorCompletion
AUDITED_DECL Round24Transfer.Γ._proof_1
AUDITED_DECL Round24Transfer.map_diag_add_smul
AUDITED_DECL AlternatingAnalytic.scalarContraction
AUDITED_DECL AlternatingAnalytic.exists_laurentWedgeCoefficient_of_small
AUDITED_DECL AlternatingAnalytic.not_hasEquivalentUltrametricNorm_of_exteriorCoefficient
AUDITED_DECL AlternatingAnalytic.LaurentField.instField._proof_30
AUDITED_DECL AlternatingAnalytic.scalarExtensionAlternatingLinear
AUDITED_DECL OrderPattern.tupleValues
AUDITED_DECL AltFree.instModule._proof_7
AUDITED_DECL AlternatingAnalytic.completionNontriviallyNormedField
AUDITED_DECL AlternatingAnalytic.finiteLaurentTruncation_coeff_within
AUDITED_DECL AlternatingAnalytic.LaurentField.instCompleteSpace
AUDITED_DECL ContinuousAlternatingMap.exists_contracting_retraction_toContinuousMultilinearMap._simp_1_1
AUDITED_DECL AlternatingAnalytic.completedBaseChangeNormedAddCommGroup._aux_1
AUDITED_DECL AlternatingAnalytic.scalarExtensionMultilinearStep._proof_1
AUDITED_DECL AlternatingAnalytic.baseChangeToCompletion
AUDITED_DECL AlternatingAnalytic.completedBaseChangeNormedAddCommGroup._proof_30
AUDITED_DECL AlternatingAnalytic.operatorTensorEval_tprod
AUDITED_DECL AlternatingAnalytic.LaurentField.instField._proof_38
AUDITED_DECL AlternatingAnalytic.laurentResiduePost._proof_5
AUDITED_DECL AlternatingAnalytic.finiteLaurentTruncation._proof_4
AUDITED_DECL AlternatingAnalytic.schauderSpanBasis_coord
AUDITED_DECL AlternatingAnalytic.exteriorWedgeCost_absorb
AUDITED_DECL AlternatingAnalytic.exteriorBlockSum.eq_1
AUDITED_DECL AlternatingAnalytic.denseScalarQTargetEquiv._proof_2
AUDITED_DECL AltFree.ofLinear._proof_3
AUDITED_DECL AlternatingAnalytic.DiscreteRenormedTarget.instAddCommGroup._proof_7
AUDITED_DECL AlternatingAnalytic.map_smul_of_dense_algebraMap
AUDITED_DECL AltFree.hat_eq_zero_of_mem_relSub._simp_1_2
AUDITED_DECL VectorPolynomial.coeff_eq_zero_of_sum_eq_zero
AUDITED_DECL PolarizationCounterexamples.finiteScalarCounterexample_grouped
AUDITED_DECL MultilinearMap.add_of_agree
AUDITED_DECL AlternatingAnalytic.StaircaseClusters.selected_swapped_order
AUDITED_DECL _private.AlternatingAnalytic.Analysis.LaurentResiduePolarization.0.AlternatingAnalytic.termE
AUDITED_DECL AlternatingAnalytic.StaircaseClusters.blockRank_injective
AUDITED_DECL AlternatingAnalytic.completedExteriorArray.eq_1
AUDITED_DECL AlternatingAnalytic.scalarExtensionTensorMapL._proof_1
AUDITED_DECL AlternatingAnalytic.finiteLaurentTruncation_coeff_within._proof_1_3
AUDITED_DECL AlternatingAnalytic.boundedLaurentCoeff_add
AUDITED_DECL AlternatingAnalytic.baseChangeLiftRestriction._proof_3
AUDITED_DECL AltFree.ofLinear._proof_2
AUDITED_DECL AlternatingAnalytic.norm_scalarExtensionAlternating_le
AUDITED_DECL AlternatingAnalytic.projectiveExteriorSeminorm_def
AUDITED_DECL AlternatingAnalytic.multilinearFamilyToProduct
AUDITED_DECL AltFree.relSub
AUDITED_DECL AlternatingAnalytic.finiteLaurentTruncation_coeff_within._proof_1_2
AUDITED_DECL AlternatingAnalytic.scalarContraction.eq_1
AUDITED_DECL AlternatingAnalytic.norm_constantLaurentArray
AUDITED_DECL AlternatingAnalytic.tensorModeSupport_finite
AUDITED_DECL AlternatingAnalytic.LaurentField.instField._proof_31
AUDITED_DECL SphericallyCompleteSpace.rec
AUDITED_DECL AltFree.hat
AUDITED_DECL AlternatingAnalytic.laurentResidueLift_alternating
AUDITED_DECL AlternatingAnalytic.LaurentField.instNontriviallyNormedField._proof_1
AUDITED_DECL AlternatingAnalytic.restrictClusterMap._proof_3
AUDITED_DECL LinearMap.toLinearIsometry.eq_1
AUDITED_DECL AlternatingAnalytic.scalarContraction._proof_1
AUDITED_DECL AlternatingAnalytic.le_discreteRound
AUDITED_DECL AlternatingAnalytic.exteriorDecompositionValue_smul
AUDITED_DECL AlternatingAnalytic.LaurentField.instField._proof_45
AUDITED_DECL AlternatingAnalytic.algebraicLaurentCoefficient_properties
AUDITED_DECL AltFree.instAddCommGroup._proof_10
AUDITED_DECL AlternatingAnalytic.exists_baseChangeLiftDescent
AUDITED_DECL Round24Transfer.reindexAlt
AUDITED_DECL AlternatingAnalytic.exteriorDecompositionValue._proof_4
AUDITED_DECL AlternatingAnalytic.completedExteriorWedge._proof_1
AUDITED_DECL AlternatingAnalytic.denseScalarMultilinearEquiv._proof_3
AUDITED_DECL ContinuousAlternatingMap.compAlternatizationCLM._proof_18
AUDITED_DECL Round24Transfer.lineCoeff_card
AUDITED_DECL Round24Transfer.lineCoeff.congr_simp
AUDITED_DECL AlternatingAnalytic.denseScalarLiftTransport._proof_5
AUDITED_DECL AlternatingAnalytic.boundedSequenceMultiplier._proof_5
AUDITED_DECL AlternatingAnalytic.LaurentField.instField._proof_65
AUDITED_DECL AlternatingAnalytic.AllBanachPrecompositionAnalytic
AUDITED_DECL AlternatingAnalytic.exists_unweighted_exterior_decomposition
AUDITED_DECL AlternatingAnalytic.completedScalarContraction._proof_1
AUDITED_DECL AlternatingAnalytic.operatorTensorEval._proof_6
AUDITED_DECL AlternatingAnalytic.multilinear_zero_of_dense_span_on
AUDITED_DECL AlternatingAnalytic.ratFuncToLaurentField_polynomial
AUDITED_DECL AlternatingAnalytic.completedBaseChangeNormedAddCommGroup._proof_8
AUDITED_DECL AlternatingAnalytic.contractingRetractionLiftNorm._proof_5
AUDITED_DECL MultilinearMap.diagonal_eq_of_sumOfType_eq
AUDITED_DECL AlternatingAnalytic.laurentResidueLift._proof_1
AUDITED_DECL AlternatingAnalytic.denseScalarMultilinearExtension._proof_3
AUDITED_DECL AlternatingAnalytic.normalizedMultiplierLift._proof_1
AUDITED_DECL AlternatingAnalytic.LaurentField.instAlgebra._aux_3
AUDITED_DECL AlternatingAnalytic.completedLaurentCoefficientArray._proof_4
AUDITED_DECL AlternatingAnalytic.exteriorContraction
AUDITED_DECL ContinuousAlternatingMap.compAlternatizationCLM._proof_24
AUDITED_DECL AltFree.ofLinear.congr_simp
AUDITED_DECL R24.factorial_mul_coeff_eq_one._simp_1_1
AUDITED_DECL AlternatingAnalytic.boundedLaurent_norm_le_of_coeff_eq_zero
AUDITED_DECL AlternatingAnalytic.clusterOperatorWeight
AUDITED_DECL AlternatingAnalytic.HasEquivalentUltrametricNorm.exists_discrete
AUDITED_DECL AlternatingAnalytic.degree_three_char_five_analytic_without_equivalentUltrametricNorm
AUDITED_DECL MasterExtension.centre_dist_aux._abel_1_3
AUDITED_DECL AlternatingAnalytic.completionNontriviallyNormedField._proof_2
AUDITED_DECL AlternatingAnalytic.normalizedMultiplierLift
AUDITED_DECL AlternatingAnalytic.StaircaseClusters.block_separated
AUDITED_DECL AlternatingAnalytic.baseChangeLiftDescent._proof_1
AUDITED_DECL AlternatingAnalytic.determinantArray_perm_cancel
AUDITED_DECL AlternatingAnalytic.LaurentField.coeff_zero_of_norm_lt_one
AUDITED_DECL AlternatingAnalytic.scalarExtensionLinearFamily._proof_3
AUDITED_DECL AlternatingAnalytic.not_analyticAt_of_denseScalars
AUDITED_DECL Round24Transfer.jAmb._proof_14
AUDITED_DECL AlternatingAnalytic.exteriorContraction_ιMulti
AUDITED_DECL AlternatingAnalytic.laurentLiftFixedVectors
AUDITED_DECL AlternatingAnalytic.assignedClusterValue_eq_zero_of_vector_free
AUDITED_DECL AlternatingAnalytic.constantLaurentArray_injective
AUDITED_DECL ContinuousAlternatingMap.cpolynomialAt_compContinuousLinearMapCLM
AUDITED_DECL AltFree.instAddCommGroup._proof_7
AUDITED_DECL AltFree.nn
AUDITED_DECL AlternatingAnalytic.baseChangeLiftDescent._proof_4
AUDITED_DECL AlternatingAnalytic.denseLinearExtension._proof_9
AUDITED_DECL OrderPattern.exists_padded_finset._simp_1_2
AUDITED_DECL AlternatingAnalytic.exteriorWedgeCost.eq_1
AUDITED_DECL AlternatingAnalytic.baseChangeTensorEquiv.eq_1
AUDITED_DECL Round24Transfer.φ
AUDITED_DECL AlternatingAnalytic.boundedLaurentCoeff_constantLaurentArray
AUDITED_DECL AlternatingAnalytic.completedBaseChangeNormedSpaceRestrictScalars._proof_6
AUDITED_DECL AlternatingAnalytic.analyticAt_of_equivalentUltrametricNorm_discreteField
AUDITED_DECL AlternatingAnalytic.BaseChangeDecomposition
AUDITED_DECL AlternatingAnalytic.laurent_valuation_eq_order
AUDITED_DECL AlternatingAnalytic.LaurentField.instAlgebra._aux_1
AUDITED_DECL MasterExtension.exists_top
AUDITED_DECL AlternatingAnalytic.scalarExtensionMultilinearStep._proof_22
AUDITED_DECL AlternatingAnalytic.LaurentField.instField._aux_32
AUDITED_DECL AlternatingAnalytic.completedBaseChangeNormedAddCommGroup._aux_34
AUDITED_DECL AlternatingAnalytic.laurentBoundedFunctionContinuousConstSMul
AUDITED_DECL AlternatingAnalytic.laurentFieldNormedAlgebra._proof_1
AUDITED_DECL AlternatingAnalytic.baseChangeTensorEquiv._proof_1
AUDITED_DECL Round24Transfer.ambLift_diag
AUDITED_DECL ContinuousAlternatingMap.contDiff_compContinuousLinearMapCLM_of_card_lt_charP
AUDITED_DECL AlternatingAnalytic.constantLaurentArray_mul
AUDITED_DECL OrderPattern.exists_padded_finset._proof_1_8
AUDITED_DECL AltFree.norm_sng
AUDITED_DECL AlternatingAnalytic.tensorContraction_eval
AUDITED_DECL ContinuousAlternatingMap.compAlternatizationCLM.eq_1
AUDITED_DECL AlternatingAnalytic.assignedClusterValue
AUDITED_DECL AlternatingAnalytic.completedBaseChangeNormedSpace._proof_9
AUDITED_DECL AlternatingAnalytic.completedBaseChangeEmbedding
AUDITED_DECL AlternatingAnalytic.laurent_norm_single_one
AUDITED_DECL AlternatingAnalytic.HasLinearUnitSumGrowth
AUDITED_DECL AlternatingAnalytic.scalarExtensionTensorMap._proof_1
AUDITED_DECL AlternatingAnalytic.boundedSequenceMultiplier
AUDITED_DECL AlternatingAnalytic.projectiveExteriorArray._proof_1
AUDITED_DECL AlternatingAnalytic.exteriorSupportDim_normalizedMultiplierLift_le
AUDITED_DECL AlternatingAnalytic.baseChangeFormRestriction_apply
AUDITED_DECL AlternatingAnalytic.scalarExtensionAlternatingLinear._proof_1
AUDITED_DECL Round24Transfer.Γ._proof_5
AUDITED_DECL _private.AlternatingAnalytic.Analysis.LaurentResiduePolarization.0.AlternatingAnalytic._aux_AlternatingAnalytic_Analysis_LaurentResiduePolarization___unexpand_AlternatingAnalytic_LaurentField_1
AUDITED_DECL AlternatingAnalytic.contractingRetractionLiftNorm._proof_6
AUDITED_DECL AlternatingAnalytic.sortedSchauderRetraction._proof_6
AUDITED_DECL AlternatingAnalytic.completedBaseChangeNormedAddCommGroup._proof_42
AUDITED_DECL ContinuousAlternatingMap.hasBoundedLift_of_sphericallyComplete
AUDITED_DECL AlternatingAnalytic.denseScalarLinearEquiv._proof_7
AUDITED_DECL AlternatingAnalytic.denseMultilinearExtensionFinite._proof_3
AUDITED_DECL AlternatingAnalytic.BoundedPrecompositionLiftCandidate._proof_7
AUDITED_DECL AlternatingAnalytic.constantLaurentArrayLinear_apply
AUDITED_DECL AlternatingAnalytic.finiteField_homogeneous_eq_zero
AUDITED_DECL AlternatingAnalytic.norm_sub_finiteLaurentTruncation_le
AUDITED_DECL AlternatingAnalytic.laurentResidueFixedVectors
AUDITED_DECL AlternatingAnalytic.DiscreteRenormedTarget.instAddCommGroup._aux_16
AUDITED_DECL AlternatingAnalytic.norm_sortedSchauderLift_le
AUDITED_DECL AlternatingAnalytic.baseChangeScalarMap
AUDITED_DECL AlternatingAnalytic.denseMultilinearExtensionFinite._proof_4
AUDITED_DECL AlternatingAnalytic.scalarExtensionLinearFamilyContinuous
AUDITED_DECL AlternatingAnalytic.scalarExtensionLinearFamilyContinuous._proof_1
AUDITED_DECL MultilinearMap.diagonalCoefficients.eq_1
AUDITED_DECL Round24Transfer.polySeries_eq_zero_of_gt
AUDITED_DECL AlternatingAnalytic.analyticAt_of_equivalentUltrametricNorm_discreteValueGroup
AUDITED_DECL ContinuousAlternatingMap.cpolynomialAt_nsmul_compContinuousLinearMapCLM._simp_1_1
AUDITED_DECL AlternatingAnalytic.operatorTensorEval._proof_5
AUDITED_DECL AlternatingAnalytic.StaircaseClusters.blockRank_injective._proof_1_5
AUDITED_DECL Round24Transfer.Q._proof_1
AUDITED_DECL AlternatingAnalytic.LaurentField.instField
AUDITED_DECL AlternatingAnalytic.sortedBasisTerm.eq_1
AUDITED_DECL AlternatingAnalytic.cluster_separated_of_intervals._proof_1_1
AUDITED_DECL AlternatingAnalytic.completedBaseChangeNormedSpaceRestrictScalars._proof_5
AUDITED_DECL AlternatingAnalytic.completedBaseChangeOperator
AUDITED_DECL AlternatingAnalytic.LaurentField.instField._proof_6
AUDITED_DECL Round24Transfer.hasBoundedLift_of_eq_comp
AUDITED_DECL AlternatingAnalytic.liftSeminormedAddCommGroup._proof_5
AUDITED_DECL AlternatingAnalytic.LaurentField.instField._proof_47
AUDITED_DECL AltFree.nn._proof_1
AUDITED_DECL AlternatingAnalytic.laurentResidueLift._proof_3
AUDITED_DECL AlternatingAnalytic.denseScalarLinearExtension
AUDITED_DECL AlternatingAnalytic.LaurentField.instField._proof_58
AUDITED_DECL AltFree.instIsUltrametricDist
AUDITED_DECL AlternatingAnalytic.exteriorDecompositionValue
AUDITED_DECL MasterExtension.step._abel_1_2
AUDITED_DECL AlternatingAnalytic.denseLinearExtension._proof_3
AUDITED_DECL ContinuousAlternatingMap.compAlternatizationCLM._proof_21
AUDITED_DECL AlternatingAnalytic.completedBaseChangeNormedAddCommGroup._proof_29
AUDITED_DECL AlternatingAnalytic.ProjectiveExterior.instNormedSpace._proof_2
AUDITED_DECL AlternatingAnalytic.projectiveExteriorSeminormFun_zero
AUDITED_DECL AlternatingAnalytic.determinantArray_support_expansion
AUDITED_DECL Round24Transfer.Smap._proof_16
AUDITED_DECL AlternatingAnalytic.AllBanachPrecompositionAnalytic._proof_4
AUDITED_DECL ContinuousMultilinearMap.alternatizationCLM._proof_6
AUDITED_DECL PolarizationCounterexamples.finiteCounterexample_not_pol._proof_1_1
AUDITED_DECL AlternatingAnalytic.completionScalarMultilinearEquiv
AUDITED_DECL AlternatingAnalytic.denseScalarAlternatingExtension
AUDITED_DECL PolarizationCounterexamples.finiteCounterexample_grouped
AUDITED_DECL AlternatingAnalytic.ratFuncEvaluation.congr_simp
AUDITED_DECL AlternatingAnalytic.sum_cluster_weights_mul_gt._simp_1_1
AUDITED_DECL PolarizationCounterexamples.secondPattern.eq_1
AUDITED_DECL AlternatingAnalytic.tensorContractionFamily._proof_2
AUDITED_DECL AlternatingAnalytic.instNonemptyElemFreeAddMonoidProdForallFinExteriorDecompositions
AUDITED_DECL AltFree.instModule._aux_1
AUDITED_DECL AltFree.nn_le
AUDITED_DECL AlternatingAnalytic.assignmentPosition
AUDITED_DECL AlternatingAnalytic.discreteRound_pos
AUDITED_DECL AlternatingAnalytic.tensorModeSupportFamily_add_le
AUDITED_DECL AlternatingAnalytic.norm_finiteField_map._proof_1_1
AUDITED_DECL AlternatingAnalytic.exists_banach_counterexample_full
AUDITED_DECL AlternatingAnalytic.laurentCompletedExteriorScalarTower
AUDITED_DECL AlternatingAnalytic.contractingRetractionLiftNorm._proof_7
AUDITED_DECL AlternatingAnalytic.LaurentField.instNontriviallyNormedField
AUDITED_DECL AlternatingAnalytic.completedBaseChangeCompleteSpace
AUDITED_DECL AlternatingAnalytic.scalarExtensionLinearFamily._proof_1
AUDITED_DECL AlternatingAnalytic.DiscreteRenormedTarget.instAddCommGroup._aux_1
AUDITED_DECL AlternatingAnalytic.baseChangeOperatorsLinear._proof_5
AUDITED_DECL AlternatingAnalytic.sequenceMultiplier._proof_2
AUDITED_DECL AlternatingAnalytic.cluster_family_cancellation_of_order
AUDITED_DECL AlternatingAnalytic.multilinearFamilyToProduct_apply
AUDITED_DECL AlternatingAnalytic.laurentResidueLift_pol1
AUDITED_DECL AlternatingAnalytic.ProjectiveExterior.norm_eq
AUDITED_DECL AlternatingAnalytic.laurentExterior_hasLinearUnitSumGrowth._proof_1_1
AUDITED_DECL AlternatingAnalytic.ProjectiveExterior.instModule._proof_4
AUDITED_DECL AlternatingAnalytic.continuousLinearMapCongrIsometry._proof_8
AUDITED_DECL ContinuousAlternatingMap.compAlternatizationCLM._proof_17
AUDITED_DECL Round24Transfer.Γ._proof_16
AUDITED_DECL AlternatingAnalytic.liftSpaceNorm._proof_2
AUDITED_DECL AlternatingAnalytic.constantLaurentArray_apply
AUDITED_DECL sphericallyCompleteSpace_of_discreteNorm
AUDITED_DECL AlternatingAnalytic.normalizedMultiplierLift.eq_1
AUDITED_DECL AlternatingAnalytic.LaurentField.coeff._proof_2
AUDITED_DECL ContinuousAlternatingMap.cpolynomialAt_nsmul_compContinuousLinearMapCLM
AUDITED_DECL AlternatingAnalytic.scalarExtensionTensorMap.congr_simp
AUDITED_DECL AlternatingAnalytic.exists_finite_exterior_support
AUDITED_DECL AlternatingAnalytic.scalarExtensionTensorMap._proof_2
AUDITED_DECL Round24Transfer.Γ._proof_7
AUDITED_DECL AlternatingAnalytic.denseMultilinearExtensionFinite._proof_5
AUDITED_DECL ContinuousAlternatingMap.exists_contracting_retraction_toContinuousMultilinearMap
AUDITED_DECL AlternatingAnalytic.baseChangeNorm
AUDITED_DECL AlternatingAnalytic.completedBaseChangeNormedAddCommGroup._proof_37
AUDITED_DECL ContinuousMultilinearMap.norm_alternatization_le
AUDITED_DECL R24.sum_superset_neg_one_pow._simp_1_1
AUDITED_DECL AlternatingAnalytic.baseChangeLiftDescent._proof_2
AUDITED_DECL AlternatingAnalytic.LaurentField.instAlgebra
AUDITED_DECL AlternatingAnalytic.laurentResidueLift_apply
AUDITED_DECL AltFree.hatL_norm_le
AUDITED_DECL AlternatingAnalytic.laurentCompletedExteriorModule._proof_2
AUDITED_DECL AlternatingAnalytic.finiteField_multiplier_obstruction_of_restriction
AUDITED_DECL AlternatingAnalytic.norm_coordinateExteriorArray_ιMulti_le
AUDITED_DECL AlternatingAnalytic.DiscreteRenormedTarget.instAddCommGroup._proof_19
AUDITED_DECL AlternatingAnalytic.LaurentField.instField._proof_23
AUDITED_DECL _private.AlternatingAnalytic.Analysis.Homogeneous.0.AlternatingAnalytic.monomialSeries
AUDITED_DECL exists_extension_of_sphericallyComplete._abel_1_1
AUDITED_DECL AlternatingAnalytic.laurentDeterminantForm._proof_1
AUDITED_DECL AlternatingAnalytic.HasLinearUnitSumGrowth.map._simp_1_1
AUDITED_DECL Round24Transfer.Smap
AUDITED_DECL AlternatingAnalytic.norm_coordinateExteriorArray_decomposition_le
AUDITED_DECL AlternatingAnalytic.tensorContraction_tprod
AUDITED_DECL AlternatingAnalytic.laurentResidueFixedVectors._proof_3
AUDITED_DECL AlternatingAnalytic.baseChangeLiftRestriction._proof_11
AUDITED_DECL AlternatingAnalytic.clusterInput_at_block_coordinate
AUDITED_DECL AlternatingAnalytic.clusterValue_normalizedClusterLift
AUDITED_DECL AlternatingAnalytic.coordinateExteriorArray
AUDITED_DECL AlternatingAnalytic.exists_boundedLaurent_order
AUDITED_DECL AlternatingAnalytic.boundedExteriorArray._proof_3
AUDITED_DECL AlternatingAnalytic.sortedSchauderRetraction._proof_1
AUDITED_DECL AlternatingAnalytic.scalarExtensionMultilinearStep._proof_20
AUDITED_DECL AlternatingAnalytic.exists_completedBaseChange_retraction
AUDITED_DECL AlternatingAnalytic.algebraicLaurentCoefficient_wedgeSum_support_le._simp_1_1
AUDITED_DECL AlternatingAnalytic.boundedLaurentCoeff_eq_of_norm_sub_lt_one
AUDITED_DECL AlternatingAnalytic.operatorTensorEval._proof_3
AUDITED_DECL AlternatingAnalytic.denseRange_denseFamilyProductIsometry
AUDITED_DECL AlternatingAnalytic.not_hasBoundedLift_completedBaseChange
AUDITED_DECL ContinuousAlternatingMap.contDiff_compContinuousLinearMapCLM_of_charP
AUDITED_DECL PolarizationCounterexamples.coordinateProduct_apply
AUDITED_DECL AlternatingAnalytic.StaircaseClusters.blockRank_injective._proof_1_6
AUDITED_DECL AlternatingAnalytic.baseChangeSeminorm_smul_le
AUDITED_DECL AlternatingAnalytic.projectiveExteriorSeminormFun
AUDITED_DECL AlternatingAnalytic.DiscreteRenormedTarget.instAddCommGroup._proof_10
AUDITED_DECL AlternatingAnalytic.scalarExtensionLinear.congr_simp
AUDITED_DECL AlternatingAnalytic.completedBaseChangeNormedAddCommGroup._aux_10
AUDITED_DECL AlternatingAnalytic.laurentResidueFixedVectors._proof_1
AUDITED_DECL PolarizationCounterexamples.scalarExteriorLift_sumOfType
AUDITED_DECL PolarizationCounterexamples.factorialCounterexample_apply
AUDITED_DECL AlternatingAnalytic.geometricWeightMaximum._proof_1
AUDITED_DECL AlternatingAnalytic.baseChangeAlternatingForms
AUDITED_DECL AlternatingAnalytic.denseScalarMultilinearEquiv._proof_1
AUDITED_DECL VectorPolynomial.coeff_eq_zero_of_homogeneous_eval_eq_zero
AUDITED_DECL AlternatingAnalytic.DiscreteRenormedTarget.instAddCommGroup._aux_3
AUDITED_DECL AlternatingAnalytic.scalarExtensionTensorMap
AUDITED_DECL AlternatingAnalytic.exteriorCoefficient_block_growth
AUDITED_DECL AlternatingAnalytic.algebraicLaurentCoefficient
AUDITED_DECL AlternatingAnalytic.determinantArray_update_rank_le
AUDITED_DECL VectorPolynomial.eval.eq_1
AUDITED_DECL AlternatingAnalytic.BoundedPrecompositionLiftCandidate._proof_8
AUDITED_DECL AlternatingAnalytic.baseChangeScalarMap_tmul
AUDITED_DECL AlternatingAnalytic.LaurentField.instField._proof_24
AUDITED_DECL AlternatingAnalytic.liftSeminormedAddCommGroup._proof_4
AUDITED_DECL AltFree.hat_apply
AUDITED_DECL AlternatingAnalytic.exists_geometricWeight_max
AUDITED_DECL OrderPattern.exists_padded_finset
AUDITED_DECL AlternatingAnalytic.exteriorContraction_ιMulti._simp_1_1
AUDITED_DECL AlternatingAnalytic.scalarExtensionMultilinearZero._proof_3
AUDITED_DECL Round24Transfer.contDiff_omega_iff_hasBoundedLift
AUDITED_DECL AlternatingAnalytic.baseChangeEmbedding._proof_2
AUDITED_DECL AlternatingAnalytic.baseChangeLiftDescent_apply
AUDITED_DECL AlternatingAnalytic.boundedExteriorArray_norm_le
AUDITED_DECL AlternatingAnalytic.laurentPolynomialMap.eq_1
AUDITED_DECL AlternatingAnalytic.LaurentField.instField._proof_11
AUDITED_DECL AlternatingAnalytic.boundedLaurentCoeff_multilinear_stable._simp_1_2
AUDITED_DECL AlternatingAnalytic.completionScalarLiftTransport_diagonal
AUDITED_DECL AlternatingAnalytic.baseChangeOperators._proof_2
AUDITED_DECL OrderPattern.card_values_below_eq
AUDITED_DECL MultilinearMap.sumOfType_eq_of_multiplier_diagonal
AUDITED_DECL AlternatingAnalytic.not_analyticAt_of_denseScalars_noLift
AUDITED_DECL Round24Transfer.hasFPowerSeriesAt_polySeries
AUDITED_DECL AlternatingAnalytic.normalizedMultiplierLift._proof_2
AUDITED_DECL AlternatingAnalytic.norm_contractingRetractionLift_le
AUDITED_DECL AlternatingAnalytic.denseScalarMultilinearEquiv
AUDITED_DECL AlternatingAnalytic.baseChangeLiftRestriction._proof_19
AUDITED_DECL AlternatingAnalytic.laurentDeterminantForm
AUDITED_DECL AlternatingAnalytic.baseChangeSeminorm_list_sum_le
AUDITED_DECL AlternatingAnalytic.sortedSchauderLift_apply
AUDITED_DECL AlternatingAnalytic.LaurentField.instAlgebra._proof_6
AUDITED_DECL AlternatingAnalytic.continuousLinearMapCongrIsometry._proof_9
AUDITED_DECL Polarization.selectionMultiIndex_eq_iff._simp_1
AUDITED_DECL AlternatingAnalytic.sum_multiplierWedge_eq_alternatization
AUDITED_DECL Round24Transfer.jAmb._proof_7
AUDITED_DECL AlternatingAnalytic.baseChangeLiftTerms.eq_1
AUDITED_DECL AlternatingAnalytic.denseMultilinearExtension._proof_1
AUDITED_DECL AlternatingAnalytic.cluster_block_comparisons
AUDITED_DECL Round24Transfer.Smap._proof_2
AUDITED_DECL AlternatingAnalytic.laurentResidueLift_antisymmetric
AUDITED_DECL AltFree
AUDITED_DECL AltFree.ofLinear
AUDITED_DECL AlternatingAnalytic.evaluateBoundedPrecompositionLift
AUDITED_DECL AlternatingAnalytic.baseChangeLiftRestriction._proof_28
AUDITED_DECL Round24Transfer.φ._proof_7
AUDITED_DECL AltFree.instAddCommGroup._proof_21
AUDITED_DECL AlternatingAnalytic.baseChangeSeminorm_pos
AUDITED_DECL AlternatingAnalytic.denseScalarLinearExtension._proof_1
AUDITED_DECL AltFree.instNormedSpace._proof_1
AUDITED_DECL MultilinearMap.sumOfType
AUDITED_DECL AlternatingAnalytic.sum_cluster_weights_mul_gt
AUDITED_DECL AlternatingAnalytic.LaurentField.instAlgebra._proof_5
AUDITED_DECL AlternatingAnalytic.scalarExtensionLinearFamily._proof_6
AUDITED_DECL AlternatingAnalytic.baseChangeSeminorm_tmul_one
AUDITED_DECL AlternatingAnalytic.sortedSchauderLift.congr_simp
AUDITED_DECL AlternatingAnalytic.tensorModeSupportFamily_finite
AUDITED_DECL charP_isUltrametricDist
AUDITED_DECL AlternatingAnalytic.tendsto_sortedBasisTerm
AUDITED_DECL AlternatingAnalytic.sortedSchauderRetraction._proof_4
AUDITED_DECL AltFree.hat_eq_zero_of_mem_relSub._abel_1_4
AUDITED_DECL AlternatingAnalytic.completedBaseChangeOperator_apply_tensor
AUDITED_DECL AlternatingAnalytic.denseScalarLiftTransport._proof_6
AUDITED_DECL AlternatingAnalytic.boundedExteriorArray._proof_4
AUDITED_DECL AlternatingAnalytic.factorial_ne_zero_iff_allBanachPrecompositionAnalytic
AUDITED_DECL AlternatingAnalytic.exteriorSupportDim_map_le
AUDITED_DECL _private.AlternatingAnalytic.Analysis.Homogeneous.0.AlternatingAnalytic.monomialSeries._proof_1
AUDITED_DECL Round24Transfer.Smap._proof_10
AUDITED_DECL Round24Transfer.jAmb._proof_9
AUDITED_DECL sphericallyCompleteSpace_continuousAlternatingMap._simp_3
AUDITED_DECL AlternatingAnalytic.sum_cluster_pair_of_pattern._proof_1_1
AUDITED_DECL PolarizationCounterexamples.coordinateBasis.eq_1
AUDITED_DECL AlternatingAnalytic.continuousMultilinearMap_eq_of_dense_family
AUDITED_DECL AlternatingAnalytic.norm_scalarContraction_le
AUDITED_DECL AlternatingAnalytic.completionScalarLiftTransport
AUDITED_DECL AlternatingAnalytic.clusterCoefficient
AUDITED_DECL AlternatingAnalytic.baseChangeLiftRestriction._proof_17
AUDITED_DECL AlternatingAnalytic.norm_mem_zpowers_of_discreteValueGroup
AUDITED_DECL AlternatingAnalytic.StaircaseClusters.blockRank_bounds._proof_1_2
AUDITED_DECL AlternatingAnalytic.laurentField_norm_le_of_coeff_eq_zero
AUDITED_DECL Round24Transfer.cpolynomialAt_of_lift
AUDITED_DECL AlternatingAnalytic.contractingRetractionLift_apply
AUDITED_DECL AlternatingAnalytic.sortedAlternatingMap._proof_10
AUDITED_DECL Round24Transfer.jAmb_injective
AUDITED_DECL AlternatingAnalytic.contractingRetractionLiftNorm._proof_3
AUDITED_DECL AlternatingAnalytic.laurentMonomialHom._proof_2
AUDITED_DECL AlternatingAnalytic.denseScalarMultilinearExtension
AUDITED_DECL AlternatingAnalytic.completedBaseChangeNormedAddCommGroup._proof_43
AUDITED_DECL AlternatingAnalytic.completedBaseChangeNormedAddCommGroup._proof_25
AUDITED_DECL AlternatingAnalytic.completedBaseChangeNormedAddCommGroup._aux_45
AUDITED_DECL AlternatingAnalytic.sortedFormulaLiftNorm._proof_8
AUDITED_DECL AlternatingAnalytic.completedBaseChangeNormedAddCommGroup._proof_20
AUDITED_DECL AlternatingAnalytic.scalarExtensionTensorMap._proof_3
AUDITED_DECL AlternatingAnalytic.baseChangeLiftTerms_sum
AUDITED_DECL AlternatingAnalytic.completedBaseChangeNormedSpaceRestrictScalars
AUDITED_DECL AlternatingAnalytic.determinantArraySubmodule.eq_1
AUDITED_DECL Round24Transfer.jj
AUDITED_DECL ContinuousAlternatingMap.compAlternatizationCLM._proof_22
AUDITED_DECL AlternatingAnalytic.multiplierWedge._proof_1
AUDITED_DECL AlternatingAnalytic.tensorModeSupportFamily_le_iff
AUDITED_DECL AlternatingAnalytic.baseChangeEmbedding._proof_3
AUDITED_DECL AlternatingAnalytic.assignmentPosition._proof_1
AUDITED_DECL AlternatingAnalytic.sortedFormulaLiftNorm._proof_3
AUDITED_DECL Round24Transfer.jAmb._proof_6
AUDITED_DECL AlternatingAnalytic.baseChangeLiftDescent._proof_9
AUDITED_DECL Round24Transfer.not_analyticAt_of_le
AUDITED_DECL AlternatingAnalytic.completedLaurentCoefficientArray._proof_2
AUDITED_DECL AlternatingAnalytic.baseChangeLiftRestriction
AUDITED_DECL AltFree.ofLinear._proof_4
AUDITED_DECL AlternatingAnalytic.completedBaseChangeOperator_ext
AUDITED_DECL AlternatingAnalytic.laurentField_range_properties
AUDITED_DECL VectorPolynomial.eq_zero_of_homogeneous_eval_eq_zero
AUDITED_DECL AlternatingAnalytic.baseChangeOperators._proof_1
AUDITED_DECL AltFree.hatL_sub
AUDITED_DECL AlternatingAnalytic.finiteField_multiplier_obstruction_finsupp
AUDITED_DECL Round24Transfer.ambLift._proof_1
AUDITED_DECL AlternatingAnalytic.staircaseMatrix_letters_eq_of_rank_le._proof_1_1
AUDITED_DECL Round24Transfer.ambLift._proof_6
AUDITED_DECL AlternatingAnalytic.baseChangeLiftRestriction._proof_27
AUDITED_DECL AlternatingAnalytic.baseChangeLiftDescent
AUDITED_DECL AlternatingAnalytic.laurentCompletedExteriorModule._proof_1
AUDITED_DECL AlternatingAnalytic.normalizedClusterLift_antisymmetric
AUDITED_DECL AlternatingAnalytic.sequenceMultiplier
AUDITED_DECL AlternatingAnalytic.finiteLaurentTruncation._proof_1
AUDITED_DECL AlternatingAnalytic.discreteRound
AUDITED_DECL AlternatingAnalytic.completionScalarLinearEquiv._proof_1
AUDITED_DECL AlternatingAnalytic.denseLinearExtension._proof_8
AUDITED_DECL AlternatingAnalytic.denseScalarLinearEquiv._proof_3
AUDITED_DECL AltFree.hatL_apply
AUDITED_DECL AlternatingAnalytic.LaurentField
AUDITED_DECL R24.factorial_mul_coeff_eq_one._simp_1_4
AUDITED_DECL AlternatingAnalytic.tupleWithSlot.eq_1
AUDITED_DECL AlternatingAnalytic.BoundedPrecompositionLiftCandidate._proof_3
AUDITED_DECL AlternatingAnalytic.boundedLaurentCoeff_monomial_smul_constant
AUDITED_DECL AlternatingAnalytic.contractingRetractionLift._proof_3
AUDITED_DECL AlternatingAnalytic.scalarExtensionMultilinearStep._proof_2
AUDITED_DECL AlternatingAnalytic.norm_coordinateExteriorArray_le
AUDITED_DECL AlternatingAnalytic.baseChangeOperatorAlgebraic._proof_2
AUDITED_DECL AlternatingAnalytic.assignedClusterValue.eq_1
AUDITED_DECL AlternatingAnalytic.multilinearProductToFamily.eq_1
AUDITED_DECL AlternatingAnalytic.laurentDeterminantForm_norm_le
AUDITED_DECL AlternatingAnalytic.algebraicLaurentCoefficient_unique
AUDITED_DECL AlternatingAnalytic.denseLinearExtension
AUDITED_DECL AlternatingAnalytic.scalarExtensionTensorMapL
AUDITED_DECL AlternatingAnalytic.scalarExtensionMultilinearStep._proof_10
AUDITED_DECL AlternatingAnalytic.sum_cluster_weights_mul_lt
AUDITED_DECL AlternatingAnalytic.exteriorContraction_blockSum
AUDITED_DECL AlternatingAnalytic.liftSeminormedAddCommGroup._proof_3
AUDITED_DECL AlternatingAnalytic.completedBaseChangeIsScalarTower._proof_1
AUDITED_DECL AltFree.instAddCommGroup._proof_5
AUDITED_DECL ContinuousMultilinearMap.norm_alternatizationCLM_le
AUDITED_DECL AlternatingAnalytic.multilinear_repeated_update_smul
AUDITED_DECL AlternatingAnalytic.AllBanachPrecompositionAnalytic._proof_1
AUDITED_DECL AlternatingAnalytic.exteriorContraction_block
AUDITED_DECL AlternatingAnalytic.completedExteriorArray._proof_3
AUDITED_DECL AlternatingAnalytic.boundedLaurentCoeff
AUDITED_DECL AlternatingAnalytic.liftSeminormedAddCommGroup._proof_7
AUDITED_DECL _private.AlternatingAnalytic.Analysis.LaurentResidueLift.0.AlternatingAnalytic.termA
AUDITED_DECL AlternatingAnalytic.boundedFunction_projectiveExteriorSeminorm_eq_zero_iff
AUDITED_DECL Round24Transfer.coeff_card_eq_Q
AUDITED_DECL MultilinearMap.map_weighted_sum
AUDITED_DECL AlternatingAnalytic.completedLaurentCoefficient_support_le
AUDITED_DECL AlternatingAnalytic.determinantArray_injective
AUDITED_DECL Round24Transfer.jAmb._proof_12
AUDITED_DECL AlternatingAnalytic.StaircaseClusters.blockRank_left_lt_right_iff
AUDITED_DECL AlternatingAnalytic.scalarExtensionMultilinearStep._proof_27
AUDITED_DECL Round24Transfer.Γ._proof_19
AUDITED_DECL _private.AlternatingAnalytic.Analysis.LaurentResidueLift.0.AlternatingAnalytic._aux_AlternatingAnalytic_Analysis_LaurentResidueLift___unexpand_AlternatingAnalytic_ProjectiveExteriorCompletion_1
AUDITED_DECL AlternatingAnalytic.completedLaurentCoefficientArray
AUDITED_DECL AlternatingAnalytic.scalarExtensionMultilinearStep
AUDITED_DECL AltFree.instModule._proof_3
AUDITED_DECL AlternatingAnalytic.LaurentField.instField._proof_63
AUDITED_DECL ContinuousMultilinearMap.alternatizationCLM._proof_3
AUDITED_DECL AlternatingAnalytic.completedLaurentCoefficientArray._proof_7
AUDITED_DECL AlternatingAnalytic.baseChangeFactorsNormedAddCommGroup
AUDITED_DECL AlternatingAnalytic.boundedFunctionCoordinates._proof_1
AUDITED_DECL AlternatingAnalytic.projectiveExteriorWedge_norm_le
AUDITED_DECL Round24Transfer.cpolynomialAt_of_analyticAt
AUDITED_DECL AlternatingAnalytic.geometricWeightMaximum_eq_one
AUDITED_DECL Round24Transfer.polySeries_apply
AUDITED_DECL AlternatingAnalytic.determinantArray_properties
AUDITED_DECL AltFree.instAddCommGroup._proof_19
AUDITED_DECL AlternatingAnalytic.laurentCompletedExteriorModule
AUDITED_DECL AlternatingAnalytic.baseChangeNormedSpaceRestrictScalars._proof_1
AUDITED_DECL R24.factorial_mul_coeff_eq_one._simp_1_2
AUDITED_DECL AlternatingAnalytic.contractingRetractionLiftNorm._proof_1
AUDITED_DECL AlternatingAnalytic.instFactPrimeOfNatNat_alternatingAnalytic
AUDITED_DECL AlternatingAnalytic.completionScalarLiftTransport._proof_3
AUDITED_DECL _private.AlternatingAnalytic.Analysis.LaurentResidueLift.0.AlternatingAnalytic.termK
AUDITED_DECL AlternatingAnalytic.completedExteriorArray.congr_simp
AUDITED_DECL AlternatingAnalytic.clusterVectorWeight.eq_1
AUDITED_DECL AlternatingAnalytic.completedBaseChangeNormedSpace._proof_8
AUDITED_DECL MasterExtension.centre_dist_aux._abel_1_1
AUDITED_DECL ContinuousAlternatingMap.altProj._proof_2
AUDITED_DECL AlternatingAnalytic.exteriorDecompositionCost_bddBelow
AUDITED_DECL AlternatingAnalytic.denseScalarAlternatingEquiv._proof_2
AUDITED_DECL PolarizationCounterexamples.firstPattern.eq_1
AUDITED_DECL AlternatingAnalytic.ProjectiveExterior.instNormedAddCommGroup._proof_1
AUDITED_DECL ContinuousLinearMap.extend.congr_simp
AUDITED_DECL AlternatingAnalytic.exteriorLastContraction_ιMulti
AUDITED_DECL Round24Transfer.reindexCLM._proof_3
AUDITED_DECL AlternatingAnalytic.multilinear_repeated_update_add
AUDITED_DECL AlternatingAnalytic.norm_multilinearProductToFamily_le
AUDITED_DECL AlternatingAnalytic.evaluateBoundedPrecompositionLift._proof_1
AUDITED_DECL AlternatingAnalytic.clusterValue.eq_1
AUDITED_DECL PolarizationCounterexamples.coordinateBasis
AUDITED_DECL AlternatingAnalytic.denseScalarQTargetEquiv
AUDITED_DECL AlternatingAnalytic.baseChangeEmbedding
AUDITED_DECL AlternatingAnalytic.constantLaurentArrayLinear
AUDITED_DECL AlternatingAnalytic.scalarExtensionLinear._proof_1
AUDITED_DECL AltFree.nn_sng
AUDITED_DECL AlternatingAnalytic.scalarExtensionMultilinearStep._proof_32
AUDITED_DECL AlternatingAnalytic.coordinateContractionForms
AUDITED_DECL MultilinearMap.sum_perm_eq_of_diagonal_eq
AUDITED_DECL AlternatingAnalytic.LaurentField.instField._proof_18
AUDITED_DECL Polarization.selectionType
AUDITED_DECL PolarizationCounterexamples.finiteScalarCounterexample
AUDITED_DECL AlternatingAnalytic.baseChangeToCompletion._proof_1
AUDITED_DECL AlternatingAnalytic.exteriorPowerSubmodule
AUDITED_DECL AlternatingAnalytic.algebraicLaurentCoefficient_support_le
AUDITED_DECL AlternatingAnalytic.sortedAlternatingMap._proof_9
AUDITED_DECL AltFree.sng
AUDITED_DECL AlternatingAnalytic.LaurentField.coeff
AUDITED_DECL AlternatingAnalytic.sortedSchauderRetraction._proof_9
AUDITED_DECL AlternatingAnalytic.scalarExtensionTensorMap._proof_4
AUDITED_DECL AlternatingAnalytic.scalarExtensionMultilinearStep._proof_33
AUDITED_DECL AlternatingAnalytic.BoundedPrecompositionLiftCandidate._proof_4
AUDITED_DECL AlternatingAnalytic.boundedFunctionCoordinates
AUDITED_DECL OrderPattern.mem_tupleValues
AUDITED_DECL AlternatingAnalytic.LaurentField.norm_algebraMap_le_one
AUDITED_DECL AlternatingAnalytic.StaircaseClusters.blockRank_bounds._proof_1_4
AUDITED_DECL SphericallyCompleteSpace.casesOn
AUDITED_DECL AlternatingAnalytic.norm_boundedSequenceMultiplier_le
AUDITED_DECL AlternatingAnalytic.sortedSchauderLift
AUDITED_DECL AlternatingAnalytic.LaurentField.instField._proof_46
AUDITED_DECL AlternatingAnalytic.sum_cluster_weights_mul
AUDITED_DECL AlternatingAnalytic.exteriorSupportDim_attained
AUDITED_DECL Round24Transfer.hasBoundedLift_of_hasBoundedLift_succ
AUDITED_DECL AlternatingAnalytic.finiteField_multiplier_obstruction._proof_1_1
AXIOMS_OF_ALL_DECLARATIONS [propext, Quot.sound, Classical.choice]
ALL_DECLARATIONS_PROBE_OK decls=2021
